pdf_name,mes,mes_num,dia,precio_ica,precio_la_libertad,precio_lima
09_abril_2026.pdf,mar,3,27,6.25,,7.53
09_abril_2026.pdf,mar,3,28,6.25,,7.53
09_abril_2026.pdf,mar,3,29,6.25,,7.53
09_abril_2026.pdf,mar,3,30,6.18,,7.45
09_abril_2026.pdf,mar,3,31,6.05,,7.45
09_abril_2026.pdf,abr,4,1,5.95,,7.31
09_abril_2026.pdf,abr,4,2,5.95,,7.31
09_abril_2026.pdf,abr,4,3,5.95,,7.31
09_abril_2026.pdf,abr,4,4,5.95,,7.31
09_abril_2026.pdf,abr,4,5,5.95,,7.31
09_abril_2026.pdf,abr,4,6,5.93,,7.19
09_abril_2026.pdf,abr,4,7,5.98,,7.19
09_abril_2026.pdf,abr,4,8,6.08,,7.08
09_abril_2026.pdf,mar,3,27,156113.0,79156.0,16041.0
09_abril_2026.pdf,mar,3,28,100245.0,103792.0,7442.0
09_abril_2026.pdf,mar,3,29,35028.0,34428.0,0.0
09_abril_2026.pdf,mar,3,30,198524.0,115340.0,48429.0
09_abril_2026.pdf,mar,3,31,41856.0,41125.0,0.0
09_abril_2026.pdf,abr,4,1,137185.0,57054.0,12849.0
09_abril_2026.pdf,abr,4,2,75254.0,55612.0,20953.0
09_abril_2026.pdf,abr,4,3,53715.0,0.0,0.0
09_abril_2026.pdf,abr,4,4,79949.0,101115.0,22699.0
09_abril_2026.pdf,abr,4,5,21583.0,0.0,0.0
09_abril_2026.pdf,abr,4,6,105547.0,101139.0,47412.0
09_abril_2026.pdf,abr,4,7,162904.0,47847.0,7394.0
09_abril_2026.pdf,abr,4,8,48138.0,0.0,0.0
09_abril_2026.pdf,abr,4,9,0.0,,
09_abril_2026.pdf,mar,3,24,5.97,5.3,6.17
09_abril_2026.pdf,mar,3,25,5.99,5.2,5.56
09_abril_2026.pdf,mar,3,26,5.89,5.2,6.07
09_abril_2026.pdf,mar,3,27,5.92,,6.0
09_abril_2026.pdf,mar,3,28,6.33,,5.97
09_abril_2026.pdf,mar,3,29,5.47,,5.97
09_abril_2026.pdf,mar,3,30,5.88,4.88,5.97
09_abril_2026.pdf,mar,3,31,5.47,,5.82
09_abril_2026.pdf,abr,4,1,5.75,,6.48
09_abril_2026.pdf,abr,4,2,5.73,,6.48
09_abril_2026.pdf,abr,4,3,6.0,,6.48
09_abril_2026.pdf,abr,4,4,5.95,,6.48
09_abril_2026.pdf,abr,4,5,5.47,,6.48
09_abril_2026.pdf,abr,4,6,5.79,,6.48
09_abril_2026.pdf,abr,4,7,6.1,5.35,6.48
09_abril_2026.pdf,abr,4,8,5.81,,6.48
10_abril_2026.pdf,mar,3,28,6.25,,7.53
10_abril_2026.pdf,mar,3,29,6.25,,7.53
10_abril_2026.pdf,mar,3,30,6.18,,7.45
10_abril_2026.pdf,mar,3,31,6.05,,7.45
10_abril_2026.pdf,abr,4,1,5.95,,7.31
10_abril_2026.pdf,abr,4,2,5.95,,7.31
10_abril_2026.pdf,abr,4,3,5.95,,7.31
10_abril_2026.pdf,abr,4,4,5.95,,7.31
10_abril_2026.pdf,abr,4,5,5.95,,7.31
10_abril_2026.pdf,abr,4,6,5.93,,7.19
10_abril_2026.pdf,abr,4,7,5.98,,7.19
10_abril_2026.pdf,abr,4,8,6.08,,7.08
10_abril_2026.pdf,abr,4,9,6.2,,7.08
10_abril_2026.pdf,mar,3,28,100245.0,103792.0,7442.0
10_abril_2026.pdf,mar,3,29,35028.0,34428.0,0.0
10_abril_2026.pdf,mar,3,30,198524.0,115340.0,48429.0
10_abril_2026.pdf,mar,3,31,41856.0,41125.0,0.0
10_abril_2026.pdf,abr,4,1,137185.0,57054.0,12849.0
10_abril_2026.pdf,abr,4,2,75254.0,55612.0,20953.0
10_abril_2026.pdf,abr,4,3,53715.0,0.0,0.0
10_abril_2026.pdf,abr,4,4,79949.0,101115.0,22699.0
10_abril_2026.pdf,abr,4,5,21583.0,0.0,0.0
10_abril_2026.pdf,abr,4,6,105547.0,101139.0,47412.0
10_abril_2026.pdf,abr,4,7,162904.0,47847.0,7394.0
10_abril_2026.pdf,abr,4,8,48138.0,0.0,0.0
10_abril_2026.pdf,abr,4,9,55471.0,0.0,0.0
10_abril_2026.pdf,abr,4,10,0.0,,
10_abril_2026.pdf,mar,3,25,5.99,5.2,5.56
10_abril_2026.pdf,mar,3,26,5.89,5.2,6.07
10_abril_2026.pdf,mar,3,27,5.92,,6.0
10_abril_2026.pdf,mar,3,28,6.33,,5.97
10_abril_2026.pdf,mar,3,29,5.47,,5.97
10_abril_2026.pdf,mar,3,30,5.88,4.88,5.97
10_abril_2026.pdf,mar,3,31,5.47,,5.82
10_abril_2026.pdf,abr,4,1,5.75,,6.48
10_abril_2026.pdf,abr,4,2,5.73,,6.48
10_abril_2026.pdf,abr,4,3,6.0,,6.48
10_abril_2026.pdf,abr,4,4,5.95,,6.48
10_abril_2026.pdf,abr,4,5,5.47,,6.48
10_abril_2026.pdf,abr,4,6,5.79,,6.48
10_abril_2026.pdf,abr,4,7,6.1,5.35,6.48
10_abril_2026.pdf,abr,4,8,5.81,,6.48
10_abril_2026.pdf,abr,4,9,6.02,,6.48
12_diciembre_2025.pdf,nov,11,29,5.15,,6.27
12_diciembre_2025.pdf,nov,11,30,5.15,,6.27
12_diciembre_2025.pdf,dic,12,1,5.4,,6.43
12_diciembre_2025.pdf,dic,12,2,5.65,,6.43
12_diciembre_2025.pdf,dic,12,3,5.73,,6.54
12_diciembre_2025.pdf,dic,12,4,5.73,,6.54
12_diciembre_2025.pdf,dic,12,5,5.73,,6.75
12_diciembre_2025.pdf,dic,12,6,5.73,,6.75
12_diciembre_2025.pdf,dic,12,7,5.73,,6.75
12_diciembre_2025.pdf,dic,12,8,5.73,,6.79
12_diciembre_2025.pdf,dic,12,9,5.73,,6.79
12_diciembre_2025.pdf,dic,12,10,5.68,,6.86
12_diciembre_2025.pdf,dic,12,11,5.58,,6.86
12_diciembre_2025.pdf,nov,11,29,109091.0,56414.0,5728.0
12_diciembre_2025.pdf,nov,11,30,27834.0,0.0,0.0
12_diciembre_2025.pdf,dic,12,1,160707.0,78287.0,53489.0
12_diciembre_2025.pdf,dic,12,2,144395.0,77229.0,13013.0
12_diciembre_2025.pdf,dic,12,3,117204.0,19073.0,12692.0
12_diciembre_2025.pdf,dic,12,4,96320.0,54806.0,28191.0
12_diciembre_2025.pdf,dic,12,5,103435.0,72976.0,5364.0
12_diciembre_2025.pdf,dic,12,6,79757.0,59124.0,8938.0
12_diciembre_2025.pdf,dic,12,7,25048.0,15275.0,0.0
12_diciembre_2025.pdf,dic,12,8,116481.0,0.0,43962.0
12_diciembre_2025.pdf,dic,12,9,32906.0,94330.0,6935.0
12_diciembre_2025.pdf,dic,12,10,130625.0,58624.0,9646.0
12_diciembre_2025.pdf,dic,12,11,92645.0,72682.0,26586.0
12_diciembre_2025.pdf,dic,12,12,,,
12_diciembre_2025.pdf,nov,11,26,5.03,4.8,4.23
12_diciembre_2025.pdf,nov,11,27,5.17,5.0,4.23
12_diciembre_2025.pdf,nov,11,28,5.22,5.1,4.23
12_diciembre_2025.pdf,nov,11,29,5.73,5.1,4.23
12_diciembre_2025.pdf,nov,11,30,5.13,,4.23
12_diciembre_2025.pdf,dic,12,1,5.45,5.6,4.23
12_diciembre_2025.pdf,dic,12,2,5.71,5.7,4.23
12_diciembre_2025.pdf,dic,12,3,5.88,5.8,4.23
12_diciembre_2025.pdf,dic,12,4,5.67,5.6,4.75
12_diciembre_2025.pdf,dic,12,5,5.76,5.3,4.8
12_diciembre_2025.pdf,dic,12,6,5.99,5.1,4.8
12_diciembre_2025.pdf,dic,12,7,5.39,,4.8
12_diciembre_2025.pdf,dic,12,8,5.73,4.8,4.23
12_diciembre_2025.pdf,dic,12,9,5.18,,4.8
12_diciembre_2025.pdf,dic,12,10,5.28,,4.23
12_diciembre_2025.pdf,dic,12,11,5.04,,6.73
13_abril_2026.pdf,mar,3,31,6.05,,7.45
13_abril_2026.pdf,abr,4,1,5.95,,7.31
13_abril_2026.pdf,abr,4,2,5.95,,7.31
13_abril_2026.pdf,abr,4,3,5.95,,7.31
13_abril_2026.pdf,abr,4,4,5.95,,7.31
13_abril_2026.pdf,abr,4,5,5.95,,7.31
13_abril_2026.pdf,abr,4,6,5.93,,7.16
13_abril_2026.pdf,abr,4,7,5.98,,7.16
13_abril_2026.pdf,abr,4,8,6.08,,7.15
13_abril_2026.pdf,abr,4,9,6.2,,7.15
13_abril_2026.pdf,abr,4,10,6.25,,7.24
13_abril_2026.pdf,abr,4,11,6.25,,7.24
13_abril_2026.pdf,abr,4,12,6.25,,7.24
13_abril_2026.pdf,mar,3,31,41856.0,41125.0,0.0
13_abril_2026.pdf,abr,4,1,137185.0,57054.0,12849.0
13_abril_2026.pdf,abr,4,2,75254.0,55612.0,20953.0
13_abril_2026.pdf,abr,4,3,53715.0,0.0,0.0
13_abril_2026.pdf,abr,4,4,79949.0,101115.0,22699.0
13_abril_2026.pdf,abr,4,5,21583.0,0.0,0.0
13_abril_2026.pdf,abr,4,6,105547.0,101139.0,47412.0
13_abril_2026.pdf,abr,4,7,162904.0,47847.0,7394.0
13_abril_2026.pdf,abr,4,8,99192.0,56747.0,20459.0
13_abril_2026.pdf,abr,4,9,92371.0,48377.0,28095.0
13_abril_2026.pdf,abr,4,10,124160.0,63354.0,9709.0
13_abril_2026.pdf,abr,4,11,77101.0,65503.0,9770.0
13_abril_2026.pdf,abr,4,12,21114.0,0.0,0.0
13_abril_2026.pdf,abr,4,13,0.0,,
13_abril_2026.pdf,mar,3,28,6.33,,5.97
13_abril_2026.pdf,mar,3,29,5.47,,5.97
13_abril_2026.pdf,mar,3,30,5.88,4.88,5.97
13_abril_2026.pdf,mar,3,31,5.47,,5.82
13_abril_2026.pdf,abr,4,1,5.75,,6.48
13_abril_2026.pdf,abr,4,2,5.73,,6.48
13_abril_2026.pdf,abr,4,3,6.0,,6.48
13_abril_2026.pdf,abr,4,4,5.95,,6.48
13_abril_2026.pdf,abr,4,5,5.47,,6.48
13_abril_2026.pdf,abr,4,6,5.79,,6.48
13_abril_2026.pdf,abr,4,7,6.1,5.35,6.48
13_abril_2026.pdf,abr,4,8,6.15,,6.48
13_abril_2026.pdf,abr,4,9,6.29,,6.48
13_abril_2026.pdf,abr,4,10,6.37,5.8,6.48
13_abril_2026.pdf,abr,4,11,6.81,,6.48
13_abril_2026.pdf,abr,4,12,6.06,,
13_febrero_2026.pdf,ene,1,31,4.45,,5.77
13_febrero_2026.pdf,feb,2,1,4.45,,5.77
13_febrero_2026.pdf,feb,2,2,4.68,,5.77
13_febrero_2026.pdf,feb,2,3,5.0,,5.88
13_febrero_2026.pdf,feb,2,4,5.25,,6.15
13_febrero_2026.pdf,feb,2,5,5.55,,6.15
13_febrero_2026.pdf,feb,2,6,5.95,,6.72
13_febrero_2026.pdf,feb,2,7,6.08,,6.72
13_febrero_2026.pdf,feb,2,8,6.08,,6.72
13_febrero_2026.pdf,feb,2,9,6.1,,7.03
13_febrero_2026.pdf,feb,2,10,6.28,,7.03
13_febrero_2026.pdf,feb,2,11,6.35,,7.21
13_febrero_2026.pdf,feb,2,12,6.25,,7.21
13_febrero_2026.pdf,ene,1,31,75103.0,64563.0,21404.0
13_febrero_2026.pdf,feb,2,1,36113.0,32900.0,0.0
13_febrero_2026.pdf,feb,2,2,127059.0,117734.0,35415.0
13_febrero_2026.pdf,feb,2,3,60102.0,34545.0,0.0
13_febrero_2026.pdf,feb,2,4,90690.0,97244.0,18179.0
13_febrero_2026.pdf,feb,2,5,90796.0,72881.0,9238.0
13_febrero_2026.pdf,feb,2,6,96154.0,70202.0,9732.0
13_febrero_2026.pdf,feb,2,7,81714.0,58672.0,8509.0
13_febrero_2026.pdf,feb,2,8,31978.0,0.0,0.0
13_febrero_2026.pdf,feb,2,9,92664.0,85925.0,37303.0
13_febrero_2026.pdf,feb,2,10,115681.0,60728.0,13209.0
13_febrero_2026.pdf,feb,2,11,101300.0,31005.0,14644.0
13_febrero_2026.pdf,feb,2,12,79849.0,48202.0,22986.0
13_febrero_2026.pdf,feb,2,13,0.0,,
13_febrero_2026.pdf,ene,1,28,4.37,,3.9
13_febrero_2026.pdf,ene,1,29,4.58,,4.17
13_febrero_2026.pdf,ene,1,30,4.86,,4.32
13_febrero_2026.pdf,ene,1,31,5.05,,4.32
13_febrero_2026.pdf,feb,2,1,4.6,,4.26
13_febrero_2026.pdf,feb,2,2,4.86,,4.37
13_febrero_2026.pdf,feb,2,3,5.21,,4.62
13_febrero_2026.pdf,feb,2,4,5.44,,5.51
13_febrero_2026.pdf,feb,2,5,5.71,,5.23
13_febrero_2026.pdf,feb,2,6,5.91,,5.23
13_febrero_2026.pdf,feb,2,7,6.31,,5.63
13_febrero_2026.pdf,feb,2,8,5.87,,5.63
13_febrero_2026.pdf,feb,2,9,6.15,,5.63
13_febrero_2026.pdf,feb,2,10,6.27,,5.63
13_febrero_2026.pdf,feb,2,11,6.26,,5.63
13_febrero_2026.pdf,feb,2,12,6.22,,5.63
14_abril_2026.pdf,abr,4,1,5.95,,7.31
14_abril_2026.pdf,abr,4,2,5.95,,7.31
14_abril_2026.pdf,abr,4,3,5.95,,7.31
14_abril_2026.pdf,abr,4,4,5.95,,7.31
14_abril_2026.pdf,abr,4,5,5.95,,7.31
14_abril_2026.pdf,abr,4,6,5.93,,7.16
14_abril_2026.pdf,abr,4,7,5.98,,7.16
14_abril_2026.pdf,abr,4,8,6.08,,7.15
14_abril_2026.pdf,abr,4,9,6.2,,7.15
14_abril_2026.pdf,abr,4,10,6.25,,7.24
14_abril_2026.pdf,abr,4,11,6.25,,7.24
14_abril_2026.pdf,abr,4,12,6.25,,7.24
14_abril_2026.pdf,abr,4,13,6.25,,7.37
14_abril_2026.pdf,abr,4,1,137185.0,57054.0,12849.0
14_abril_2026.pdf,abr,4,2,75254.0,55612.0,20953.0
14_abril_2026.pdf,abr,4,3,53715.0,0.0,0.0
14_abril_2026.pdf,abr,4,4,79949.0,101115.0,22699.0
14_abril_2026.pdf,abr,4,5,21583.0,0.0,0.0
14_abril_2026.pdf,abr,4,6,105547.0,101139.0,47412.0
14_abril_2026.pdf,abr,4,7,162904.0,47847.0,7394.0
14_abril_2026.pdf,abr,4,8,99192.0,56747.0,20459.0
14_abril_2026.pdf,abr,4,9,92371.0,48377.0,28095.0
14_abril_2026.pdf,abr,4,10,124160.0,63354.0,9709.0
14_abril_2026.pdf,abr,4,11,77101.0,65503.0,9770.0
14_abril_2026.pdf,abr,4,12,21221.0,0.0,0.0
14_abril_2026.pdf,abr,4,13,99533.0,94267.0,34383.0
14_abril_2026.pdf,abr,4,14,0.0,,
14_abril_2026.pdf,mar,3,29,5.47,,5.97
14_abril_2026.pdf,mar,3,30,5.88,4.88,5.97
14_abril_2026.pdf,mar,3,31,5.47,,5.82
14_abril_2026.pdf,abr,4,1,5.75,,6.48
14_abril_2026.pdf,abr,4,2,5.73,,6.48
14_abril_2026.pdf,abr,4,3,6.0,,6.48
14_abril_2026.pdf,abr,4,4,5.95,,6.48
14_abril_2026.pdf,abr,4,5,5.47,,6.48
14_abril_2026.pdf,abr,4,6,5.79,,6.48
14_abril_2026.pdf,abr,4,7,6.1,5.35,6.48
14_abril_2026.pdf,abr,4,8,6.15,,6.48
14_abril_2026.pdf,abr,4,9,6.29,,6.48
14_abril_2026.pdf,abr,4,10,6.37,5.8,6.48
14_abril_2026.pdf,abr,4,11,6.81,,6.48
14_abril_2026.pdf,abr,4,12,6.06,,6.48
14_abril_2026.pdf,abr,4,13,6.25,,6.48
15_abril_2026.pdf,abr,4,2,5.95,,7.31
15_abril_2026.pdf,abr,4,3,5.95,,7.31
15_abril_2026.pdf,abr,4,4,5.95,,7.31
15_abril_2026.pdf,abr,4,5,5.95,,7.31
15_abril_2026.pdf,abr,4,6,5.93,,7.16
15_abril_2026.pdf,abr,4,7,5.98,,7.16
15_abril_2026.pdf,abr,4,8,6.08,,7.15
15_abril_2026.pdf,abr,4,9,6.2,,7.15
15_abril_2026.pdf,abr,4,10,6.25,,7.24
15_abril_2026.pdf,abr,4,11,6.25,,7.24
15_abril_2026.pdf,abr,4,12,6.25,,7.24
15_abril_2026.pdf,abr,4,13,6.25,,7.37
15_abril_2026.pdf,abr,4,14,6.25,,7.37
15_abril_2026.pdf,abr,4,2,75254.0,55612.0,20953.0
15_abril_2026.pdf,abr,4,3,53715.0,0.0,0.0
15_abril_2026.pdf,abr,4,4,79949.0,101115.0,22699.0
15_abril_2026.pdf,abr,4,5,21583.0,0.0,0.0
15_abril_2026.pdf,abr,4,6,105547.0,101139.0,47412.0
15_abril_2026.pdf,abr,4,7,162904.0,47847.0,7394.0
15_abril_2026.pdf,abr,4,8,99192.0,56747.0,20459.0
15_abril_2026.pdf,abr,4,9,92371.0,48377.0,28095.0
15_abril_2026.pdf,abr,4,10,124160.0,63354.0,9709.0
15_abril_2026.pdf,abr,4,11,77101.0,65503.0,9770.0
15_abril_2026.pdf,abr,4,12,21221.0,0.0,0.0
15_abril_2026.pdf,abr,4,13,99533.0,94267.0,34383.0
15_abril_2026.pdf,abr,4,14,240073.0,126941.0,8554.0
15_abril_2026.pdf,abr,4,15,0.0,,
15_abril_2026.pdf,mar,3,30,5.88,4.88,5.97
15_abril_2026.pdf,mar,3,31,5.47,,5.82
15_abril_2026.pdf,abr,4,1,5.75,,6.48
15_abril_2026.pdf,abr,4,2,5.73,,6.48
15_abril_2026.pdf,abr,4,3,6.0,,6.48
15_abril_2026.pdf,abr,4,4,5.95,,6.48
15_abril_2026.pdf,abr,4,5,5.47,,6.48
15_abril_2026.pdf,abr,4,6,5.79,,6.48
15_abril_2026.pdf,abr,4,7,6.1,5.35,6.48
15_abril_2026.pdf,abr,4,8,6.15,,6.48
15_abril_2026.pdf,abr,4,9,6.29,,6.48
15_abril_2026.pdf,abr,4,10,6.37,5.8,6.48
15_abril_2026.pdf,abr,4,11,6.81,,6.48
15_abril_2026.pdf,abr,4,12,6.06,,6.48
15_abril_2026.pdf,abr,4,13,6.25,,6.48
15_abril_2026.pdf,abr,4,14,6.36,5.75,6.1
15_diciembre_2025.pdf,dic,12,2,5.65,,6.43
15_diciembre_2025.pdf,dic,12,3,5.73,,6.54
15_diciembre_2025.pdf,dic,12,4,5.73,,6.54
15_diciembre_2025.pdf,dic,12,5,5.73,,6.75
15_diciembre_2025.pdf,dic,12,6,5.73,,6.75
15_diciembre_2025.pdf,dic,12,7,5.73,,6.75
15_diciembre_2025.pdf,dic,12,8,5.73,,6.79
15_diciembre_2025.pdf,dic,12,9,5.73,,6.79
15_diciembre_2025.pdf,dic,12,10,5.68,,6.86
15_diciembre_2025.pdf,dic,12,11,5.58,,6.86
15_diciembre_2025.pdf,dic,12,12,5.5,,6.86
15_diciembre_2025.pdf,dic,12,13,5.5,,6.86
15_diciembre_2025.pdf,dic,12,14,5.5,,6.86
15_diciembre_2025.pdf,dic,12,2,144395.0,77229.0,13013.0
15_diciembre_2025.pdf,dic,12,3,117204.0,19073.0,12692.0
15_diciembre_2025.pdf,dic,12,4,96320.0,54806.0,28191.0
15_diciembre_2025.pdf,dic,12,5,103435.0,72976.0,5364.0
15_diciembre_2025.pdf,dic,12,6,79757.0,59124.0,8938.0
15_diciembre_2025.pdf,dic,12,7,25048.0,15275.0,0.0
15_diciembre_2025.pdf,dic,12,8,116481.0,0.0,43962.0
15_diciembre_2025.pdf,dic,12,9,32906.0,94330.0,6935.0
15_diciembre_2025.pdf,dic,12,10,130625.0,58624.0,9646.0
15_diciembre_2025.pdf,dic,12,11,92645.0,72682.0,26586.0
15_diciembre_2025.pdf,dic,12,12,51496.0,0.0,0.0
15_diciembre_2025.pdf,dic,12,13,92293.0,54667.0,6089.0
15_diciembre_2025.pdf,dic,12,14,22236.0,0.0,0.0
15_diciembre_2025.pdf,dic,12,15,,,
15_diciembre_2025.pdf,nov,11,29,5.73,5.1,4.23
15_diciembre_2025.pdf,nov,11,30,5.13,,4.23
15_diciembre_2025.pdf,dic,12,1,5.45,5.6,4.23
15_diciembre_2025.pdf,dic,12,2,5.71,5.7,4.23
15_diciembre_2025.pdf,dic,12,3,5.88,5.8,4.23
15_diciembre_2025.pdf,dic,12,4,5.67,5.6,4.75
15_diciembre_2025.pdf,dic,12,5,5.76,5.3,4.8
15_diciembre_2025.pdf,dic,12,6,5.99,5.1,4.8
15_diciembre_2025.pdf,dic,12,7,5.39,,4.8
15_diciembre_2025.pdf,dic,12,8,5.73,4.8,4.23
15_diciembre_2025.pdf,dic,12,9,5.18,,4.8
15_diciembre_2025.pdf,dic,12,10,5.28,,4.23
15_diciembre_2025.pdf,dic,12,11,5.04,,6.73
15_diciembre_2025.pdf,dic,12,12,4.49,,6.23
15_diciembre_2025.pdf,dic,12,13,5.47,,6.23
15_diciembre_2025.pdf,dic,12,14,4.26,,6.23
16_abril_2026.pdf,abr,4,3,5.95,,7.31
16_abril_2026.pdf,abr,4,4,5.95,,7.31
16_abril_2026.pdf,abr,4,5,5.95,,7.31
16_abril_2026.pdf,abr,4,6,5.93,,7.16
16_abril_2026.pdf,abr,4,7,5.98,,7.16
16_abril_2026.pdf,abr,4,8,6.08,,7.15
16_abril_2026.pdf,abr,4,9,6.2,,7.15
16_abril_2026.pdf,abr,4,10,6.25,,7.24
16_abril_2026.pdf,abr,4,11,6.25,,7.24
16_abril_2026.pdf,abr,4,12,6.25,,7.24
16_abril_2026.pdf,abr,4,13,6.25,,7.38
16_abril_2026.pdf,abr,4,14,6.25,,7.38
16_abril_2026.pdf,abr,4,15,6.25,,7.49
16_abril_2026.pdf,abr,4,3,53715.0,0.0,0.0
16_abril_2026.pdf,abr,4,4,79949.0,101115.0,22699.0
16_abril_2026.pdf,abr,4,5,21583.0,0.0,0.0
16_abril_2026.pdf,abr,4,6,105547.0,101139.0,47412.0
16_abril_2026.pdf,abr,4,7,162904.0,47847.0,7394.0
16_abril_2026.pdf,abr,4,8,99192.0,56747.0,20459.0
16_abril_2026.pdf,abr,4,9,92371.0,48377.0,28095.0
16_abril_2026.pdf,abr,4,10,124160.0,63354.0,9709.0
16_abril_2026.pdf,abr,4,11,77101.0,65503.0,9770.0
16_abril_2026.pdf,abr,4,12,21221.0,0.0,0.0
16_abril_2026.pdf,abr,4,13,99533.0,94267.0,34383.0
16_abril_2026.pdf,abr,4,14,240073.0,126941.0,8554.0
16_abril_2026.pdf,abr,4,15,82298.0,54091.0,8761.0
16_abril_2026.pdf,abr,4,16,0.0,,
16_abril_2026.pdf,mar,3,31,5.47,,5.82
16_abril_2026.pdf,abr,4,1,5.75,,6.48
16_abril_2026.pdf,abr,4,2,5.73,,6.48
16_abril_2026.pdf,abr,4,3,6.0,,6.48
16_abril_2026.pdf,abr,4,4,5.95,,6.48
16_abril_2026.pdf,abr,4,5,5.47,,6.48
16_abril_2026.pdf,abr,4,6,5.79,,6.48
16_abril_2026.pdf,abr,4,7,6.1,5.35,6.48
16_abril_2026.pdf,abr,4,8,6.15,,6.48
16_abril_2026.pdf,abr,4,9,6.29,,6.48
16_abril_2026.pdf,abr,4,10,6.37,5.8,6.48
16_abril_2026.pdf,abr,4,11,6.81,,6.48
16_abril_2026.pdf,abr,4,12,6.06,,6.48
16_abril_2026.pdf,abr,4,13,6.25,,6.48
16_abril_2026.pdf,abr,4,14,6.36,5.75,6.1
16_abril_2026.pdf,abr,4,15,6.31,,6.48
16_diciembre_2025.pdf,dic,12,3,5.73,,6.54
16_diciembre_2025.pdf,dic,12,4,5.73,,6.54
16_diciembre_2025.pdf,dic,12,5,5.73,,6.75
16_diciembre_2025.pdf,dic,12,6,5.73,,6.75
16_diciembre_2025.pdf,dic,12,7,5.73,,6.75
16_diciembre_2025.pdf,dic,12,8,5.73,,6.79
16_diciembre_2025.pdf,dic,12,9,5.73,,6.79
16_diciembre_2025.pdf,dic,12,10,5.68,,6.86
16_diciembre_2025.pdf,dic,12,11,5.58,,6.86
16_diciembre_2025.pdf,dic,12,12,5.5,,6.86
16_diciembre_2025.pdf,dic,12,13,5.5,,6.86
16_diciembre_2025.pdf,dic,12,14,5.5,,6.86
16_diciembre_2025.pdf,dic,12,15,5.2,,6.86
16_diciembre_2025.pdf,dic,12,3,117204.0,19073.0,12692.0
16_diciembre_2025.pdf,dic,12,4,96320.0,54806.0,28191.0
16_diciembre_2025.pdf,dic,12,5,103435.0,72976.0,5364.0
16_diciembre_2025.pdf,dic,12,6,79757.0,59124.0,8938.0
16_diciembre_2025.pdf,dic,12,7,25048.0,15275.0,0.0
16_diciembre_2025.pdf,dic,12,8,116481.0,0.0,43962.0
16_diciembre_2025.pdf,dic,12,9,32906.0,94330.0,6935.0
16_diciembre_2025.pdf,dic,12,10,130625.0,58624.0,9646.0
16_diciembre_2025.pdf,dic,12,11,92645.0,72682.0,26586.0
16_diciembre_2025.pdf,dic,12,12,51496.0,0.0,0.0
16_diciembre_2025.pdf,dic,12,13,92293.0,54667.0,6089.0
16_diciembre_2025.pdf,dic,12,14,22236.0,0.0,0.0
16_diciembre_2025.pdf,dic,12,15,78707.0,72182.0,25392.0
16_diciembre_2025.pdf,dic,12,16,,,
16_diciembre_2025.pdf,nov,11,30,5.13,,4.23
16_diciembre_2025.pdf,dic,12,1,5.45,5.6,4.23
16_diciembre_2025.pdf,dic,12,2,5.71,5.7,4.23
16_diciembre_2025.pdf,dic,12,3,5.88,5.8,4.23
16_diciembre_2025.pdf,dic,12,4,5.67,5.6,4.75
16_diciembre_2025.pdf,dic,12,5,5.76,5.3,4.8
16_diciembre_2025.pdf,dic,12,6,5.99,5.1,4.8
16_diciembre_2025.pdf,dic,12,7,5.39,,4.8
16_diciembre_2025.pdf,dic,12,8,5.73,4.8,4.23
16_diciembre_2025.pdf,dic,12,9,5.18,,4.8
16_diciembre_2025.pdf,dic,12,10,5.28,,4.23
16_diciembre_2025.pdf,dic,12,11,5.04,,6.73
16_diciembre_2025.pdf,dic,12,12,4.49,,6.23
16_diciembre_2025.pdf,dic,12,13,5.47,,6.23
16_diciembre_2025.pdf,dic,12,14,4.26,,6.23
16_diciembre_2025.pdf,dic,12,15,4.86,,6.23
16_enero_2026.pdf,ene,1,3,4.33,,
16_enero_2026.pdf,ene,1,4,4.33,,
16_enero_2026.pdf,ene,1,5,4.35,,
16_enero_2026.pdf,ene,1,6,4.35,,
16_enero_2026.pdf,ene,1,7,4.28,,
16_enero_2026.pdf,ene,1,8,4.13,,
16_enero_2026.pdf,ene,1,9,4.0,,
16_enero_2026.pdf,ene,1,10,3.95,,
16_enero_2026.pdf,ene,1,11,3.95,,
16_enero_2026.pdf,ene,1,12,3.93,,
16_enero_2026.pdf,ene,1,13,3.95,,
16_enero_2026.pdf,ene,1,14,3.95,,
16_enero_2026.pdf,ene,1,15,3.9,,
16_enero_2026.pdf,ene,1,3,51389.0,0.0,0.0
16_enero_2026.pdf,ene,1,4,20721.0,0.0,0.0
16_enero_2026.pdf,ene,1,5,87880.0,88002.0,25624.0
16_enero_2026.pdf,ene,1,6,151414.0,101184.0,7923.0
16_enero_2026.pdf,ene,1,7,94925.0,71888.0,22595.0
16_enero_2026.pdf,ene,1,8,87107.0,72740.0,23360.0
16_enero_2026.pdf,ene,1,9,97815.0,132123.0,6572.0
16_enero_2026.pdf,ene,1,10,99138.0,88362.0,26020.0
16_enero_2026.pdf,ene,1,11,37230.0,0.0,0.0
16_enero_2026.pdf,ene,1,12,102956.0,123295.0,37069.0
16_enero_2026.pdf,ene,1,13,134284.0,115941.0,14602.0
16_enero_2026.pdf,ene,1,14,80678.0,74169.0,7689.0
16_enero_2026.pdf,ene,1,15,87203.0,52603.0,19402.0
16_enero_2026.pdf,ene,1,16,,,
16_enero_2026.pdf,dic,12,31,4.03,,
16_enero_2026.pdf,ene,1,1,3.97,,
16_enero_2026.pdf,ene,1,2,4.03,,4.03
16_enero_2026.pdf,ene,1,3,4.03,,
16_enero_2026.pdf,ene,1,4,3.99,,4.03
16_enero_2026.pdf,ene,1,5,4.15,,4.03
16_enero_2026.pdf,ene,1,6,4.23,,4.0
16_enero_2026.pdf,ene,1,7,4.07,,3.9
16_enero_2026.pdf,ene,1,8,3.75,,3.77
16_enero_2026.pdf,ene,1,9,3.63,,3.65
16_enero_2026.pdf,ene,1,10,4.56,,4.03
16_enero_2026.pdf,ene,1,11,3.39,,4.03
16_enero_2026.pdf,ene,1,12,3.74,,4.03
16_enero_2026.pdf,ene,1,13,3.76,,4.08
16_enero_2026.pdf,ene,1,14,3.86,,4.08
16_enero_2026.pdf,ene,1,15,3.99,,4.08
16_setiembre_2025.pdf,sep,9,3,5.7,,7.15
16_setiembre_2025.pdf,sep,9,4,5.7,,7.15
16_setiembre_2025.pdf,sep,9,5,5.65,,7.12
16_setiembre_2025.pdf,sep,9,6,5.65,,7.12
16_setiembre_2025.pdf,sep,9,7,5.65,,7.12
16_setiembre_2025.pdf,sep,9,8,5.45,,6.92
16_setiembre_2025.pdf,sep,9,9,5.3,,6.92
16_setiembre_2025.pdf,sep,9,10,5.25,,6.73
16_setiembre_2025.pdf,sep,9,11,5.25,,6.73
16_setiembre_2025.pdf,sep,9,12,5.25,,6.78
16_setiembre_2025.pdf,sep,9,13,5.23,,6.78
16_setiembre_2025.pdf,sep,9,14,5.23,,6.78
16_setiembre_2025.pdf,sep,9,15,5.28,,6.52
16_setiembre_2025.pdf,sep,9,3,286212.0,115589.0,0.0
16_setiembre_2025.pdf,sep,9,4,156664.0,53435.0,0.0
16_setiembre_2025.pdf,sep,9,5,103191.0,62557.0,0.0
16_setiembre_2025.pdf,sep,9,6,97955.0,72622.0,0.0
16_setiembre_2025.pdf,sep,9,7,24295.0,0.0,0.0
16_setiembre_2025.pdf,sep,9,8,122354.0,85307.0,41931.0
16_setiembre_2025.pdf,sep,9,9,149803.0,132108.0,6940.0
16_setiembre_2025.pdf,sep,9,10,152889.0,88778.0,11028.0
16_setiembre_2025.pdf,sep,9,11,113487.0,74382.0,4536.0
16_setiembre_2025.pdf,sep,9,12,64824.0,0.0,12096.0
16_setiembre_2025.pdf,sep,9,13,90027.0,84179.0,13974.0
16_setiembre_2025.pdf,sep,9,14,26398.0,27143.0,0.0
16_setiembre_2025.pdf,sep,9,15,132789.0,61377.0,61733.0
16_setiembre_2025.pdf,sep,9,16,,,
16_setiembre_2025.pdf,ago,8,31,5.15,,5.9
16_setiembre_2025.pdf,sep,9,1,5.47,5.0,5.9
16_setiembre_2025.pdf,sep,9,2,5.43,5.0,5.9
16_setiembre_2025.pdf,sep,9,3,5.41,4.9,5.5
16_setiembre_2025.pdf,sep,9,4,5.31,4.8,5.5
16_setiembre_2025.pdf,sep,9,5,5.19,4.7,5.5
16_setiembre_2025.pdf,sep,9,6,5.22,4.6,5.4
16_setiembre_2025.pdf,sep,9,7,4.9,,5.4
16_setiembre_2025.pdf,sep,9,8,5.02,4.5,5.4
16_setiembre_2025.pdf,sep,9,9,5.09,4.5,5.4
16_setiembre_2025.pdf,sep,9,10,5.05,,5.1
16_setiembre_2025.pdf,sep,9,11,5.03,4.7,5.1
16_setiembre_2025.pdf,sep,9,12,4.88,4.7,5.1
16_setiembre_2025.pdf,sep,9,13,5.11,4.7,5.1
16_setiembre_2025.pdf,sep,9,14,4.8,,5.1
16_setiembre_2025.pdf,sep,9,15,5.14,4.9,5.1
17_abril_2026.pdf,abr,4,4,5.95,,7.31
17_abril_2026.pdf,abr,4,5,5.95,,7.31
17_abril_2026.pdf,abr,4,6,5.93,,7.16
17_abril_2026.pdf,abr,4,7,5.98,,7.16
17_abril_2026.pdf,abr,4,8,6.08,,7.15
17_abril_2026.pdf,abr,4,9,6.2,,7.15
17_abril_2026.pdf,abr,4,10,6.25,,7.24
17_abril_2026.pdf,abr,4,11,6.25,,7.24
17_abril_2026.pdf,abr,4,12,6.25,,7.24
17_abril_2026.pdf,abr,4,13,6.25,,7.38
17_abril_2026.pdf,abr,4,14,6.25,,7.38
17_abril_2026.pdf,abr,4,15,6.25,,7.49
17_abril_2026.pdf,abr,4,16,6.23,,7.49
17_abril_2026.pdf,abr,4,4,79949.0,101115.0,22699.0
17_abril_2026.pdf,abr,4,5,21583.0,0.0,0.0
17_abril_2026.pdf,abr,4,6,105547.0,101139.0,47412.0
17_abril_2026.pdf,abr,4,7,162904.0,47847.0,7394.0
17_abril_2026.pdf,abr,4,8,99192.0,56747.0,20459.0
17_abril_2026.pdf,abr,4,9,92371.0,48377.0,28095.0
17_abril_2026.pdf,abr,4,10,124160.0,63354.0,9709.0
17_abril_2026.pdf,abr,4,11,77101.0,65503.0,9770.0
17_abril_2026.pdf,abr,4,12,21221.0,0.0,0.0
17_abril_2026.pdf,abr,4,13,99533.0,94267.0,34383.0
17_abril_2026.pdf,abr,4,14,240073.0,126941.0,8554.0
17_abril_2026.pdf,abr,4,15,82298.0,54091.0,8761.0
17_abril_2026.pdf,abr,4,16,83496.0,35894.0,23535.0
17_abril_2026.pdf,abr,4,17,0.0,,
17_abril_2026.pdf,abr,4,1,5.75,,6.48
17_abril_2026.pdf,abr,4,2,5.73,,6.48
17_abril_2026.pdf,abr,4,3,6.0,,6.48
17_abril_2026.pdf,abr,4,4,5.95,,6.48
17_abril_2026.pdf,abr,4,5,5.47,,6.48
17_abril_2026.pdf,abr,4,6,5.79,,6.48
17_abril_2026.pdf,abr,4,7,6.1,5.35,6.48
17_abril_2026.pdf,abr,4,8,6.15,,6.48
17_abril_2026.pdf,abr,4,9,6.29,,6.48
17_abril_2026.pdf,abr,4,10,6.37,5.8,6.48
17_abril_2026.pdf,abr,4,11,6.81,,6.48
17_abril_2026.pdf,abr,4,12,6.06,,6.48
17_abril_2026.pdf,abr,4,13,6.25,,6.48
17_abril_2026.pdf,abr,4,14,6.36,5.75,6.1
17_abril_2026.pdf,abr,4,15,6.31,,6.48
17_abril_2026.pdf,abr,4,16,6.13,,6.48
17_diciembre_2025.pdf,dic,12,4,5.73,,6.54
17_diciembre_2025.pdf,dic,12,5,5.73,,6.75
17_diciembre_2025.pdf,dic,12,6,5.73,,6.75
17_diciembre_2025.pdf,dic,12,7,5.73,,6.75
17_diciembre_2025.pdf,dic,12,8,5.73,,6.79
17_diciembre_2025.pdf,dic,12,9,5.73,,6.79
17_diciembre_2025.pdf,dic,12,10,5.68,,6.86
17_diciembre_2025.pdf,dic,12,11,5.58,,6.86
17_diciembre_2025.pdf,dic,12,12,5.5,,6.86
17_diciembre_2025.pdf,dic,12,13,5.5,,6.86
17_diciembre_2025.pdf,dic,12,14,5.5,,6.86
17_diciembre_2025.pdf,dic,12,15,5.2,,6.86
17_diciembre_2025.pdf,dic,12,16,5.2,,6.86
17_diciembre_2025.pdf,dic,12,4,96320.0,54806.0,28191.0
17_diciembre_2025.pdf,dic,12,5,103435.0,72976.0,5364.0
17_diciembre_2025.pdf,dic,12,6,79757.0,59124.0,8938.0
17_diciembre_2025.pdf,dic,12,7,25048.0,15275.0,0.0
17_diciembre_2025.pdf,dic,12,8,116481.0,0.0,43962.0
17_diciembre_2025.pdf,dic,12,9,46514.0,94330.0,6935.0
17_diciembre_2025.pdf,dic,12,10,148769.0,58624.0,14182.0
17_diciembre_2025.pdf,dic,12,11,100961.0,72682.0,26586.0
17_diciembre_2025.pdf,dic,12,12,68884.0,0.0,0.0
17_diciembre_2025.pdf,dic,12,13,107791.0,54667.0,6089.0
17_diciembre_2025.pdf,dic,12,14,22236.0,0.0,0.0
17_diciembre_2025.pdf,dic,12,15,118019.0,72182.0,35878.0
17_diciembre_2025.pdf,dic,12,16,97606.0,53334.0,10522.0
17_diciembre_2025.pdf,dic,12,17,,,
17_diciembre_2025.pdf,dic,12,1,5.45,5.6,4.23
17_diciembre_2025.pdf,dic,12,2,5.71,5.7,4.23
17_diciembre_2025.pdf,dic,12,3,5.88,5.8,4.23
17_diciembre_2025.pdf,dic,12,4,5.67,5.6,4.75
17_diciembre_2025.pdf,dic,12,5,5.76,5.3,4.8
17_diciembre_2025.pdf,dic,12,6,5.99,5.1,4.8
17_diciembre_2025.pdf,dic,12,7,5.39,,4.8
17_diciembre_2025.pdf,dic,12,8,5.73,4.8,4.23
17_diciembre_2025.pdf,dic,12,9,5.18,4.6,4.8
17_diciembre_2025.pdf,dic,12,10,5.28,4.4,4.23
17_diciembre_2025.pdf,dic,12,11,5.04,4.1,6.73
17_diciembre_2025.pdf,dic,12,12,4.49,3.8,6.23
17_diciembre_2025.pdf,dic,12,13,5.47,3.8,6.23
17_diciembre_2025.pdf,dic,12,14,4.26,,6.23
17_diciembre_2025.pdf,dic,12,15,4.86,3.4,6.23
17_diciembre_2025.pdf,dic,12,16,4.39,,6.23
17_febrero_2026.pdf,feb,2,4,5.25,,6.15
17_febrero_2026.pdf,feb,2,5,5.55,,6.15
17_febrero_2026.pdf,feb,2,6,5.95,,6.72
17_febrero_2026.pdf,feb,2,7,6.08,,6.72
17_febrero_2026.pdf,feb,2,8,6.08,,6.72
17_febrero_2026.pdf,feb,2,9,6.1,,7.03
17_febrero_2026.pdf,feb,2,10,6.28,,7.03
17_febrero_2026.pdf,feb,2,11,6.35,,7.16
17_febrero_2026.pdf,feb,2,12,6.25,,7.16
17_febrero_2026.pdf,feb,2,13,6.15,,7.23
17_febrero_2026.pdf,feb,2,14,6.15,,7.23
17_febrero_2026.pdf,feb,2,15,6.15,,7.23
17_febrero_2026.pdf,feb,2,16,6.1,,7.32
17_febrero_2026.pdf,feb,2,4,90690.0,97244.0,18179.0
17_febrero_2026.pdf,feb,2,5,90796.0,72881.0,9238.0
17_febrero_2026.pdf,feb,2,6,96154.0,70202.0,9732.0
17_febrero_2026.pdf,feb,2,7,81714.0,58672.0,8509.0
17_febrero_2026.pdf,feb,2,8,31978.0,0.0,0.0
17_febrero_2026.pdf,feb,2,9,92664.0,85925.0,37303.0
17_febrero_2026.pdf,feb,2,10,115681.0,60728.0,13209.0
17_febrero_2026.pdf,feb,2,11,101300.0,31005.0,14644.0
17_febrero_2026.pdf,feb,2,12,79849.0,48202.0,22986.0
17_febrero_2026.pdf,feb,2,13,93987.0,35670.0,6444.0
17_febrero_2026.pdf,feb,2,14,60325.0,20669.0,2413.0
17_febrero_2026.pdf,feb,2,15,318.0,0.0,0.0
17_febrero_2026.pdf,feb,2,16,97443.0,103696.0,8895.0
17_febrero_2026.pdf,feb,2,17,0.0,,
17_febrero_2026.pdf,feb,2,1,4.6,,4.26
17_febrero_2026.pdf,feb,2,2,4.86,,4.37
17_febrero_2026.pdf,feb,2,3,5.21,,4.62
17_febrero_2026.pdf,feb,2,4,5.44,,5.51
17_febrero_2026.pdf,feb,2,5,5.71,,5.23
17_febrero_2026.pdf,feb,2,6,5.91,,5.23
17_febrero_2026.pdf,feb,2,7,6.31,,5.63
17_febrero_2026.pdf,feb,2,8,5.87,,5.63
17_febrero_2026.pdf,feb,2,9,6.15,,5.63
17_febrero_2026.pdf,feb,2,10,6.27,,5.63
17_febrero_2026.pdf,feb,2,11,6.26,,5.63
17_febrero_2026.pdf,feb,2,12,6.22,,5.63
17_febrero_2026.pdf,feb,2,13,6.11,,5.63
17_febrero_2026.pdf,feb,2,14,6.35,,5.63
17_febrero_2026.pdf,feb,2,15,5.63,,
17_febrero_2026.pdf,feb,2,16,6.18,,5.25
17_noviembre_2025.pdf,nov,11,4,4.85,,6.26
17_noviembre_2025.pdf,nov,11,5,4.83,,6.34
17_noviembre_2025.pdf,nov,11,6,4.78,,6.34
17_noviembre_2025.pdf,nov,11,7,4.73,,6.37
17_noviembre_2025.pdf,nov,11,8,4.73,,6.37
17_noviembre_2025.pdf,nov,11,9,4.73,,6.37
17_noviembre_2025.pdf,nov,11,10,4.73,,6.25
17_noviembre_2025.pdf,nov,11,11,4.7,,6.25
17_noviembre_2025.pdf,nov,11,12,4.63,,6.23
17_noviembre_2025.pdf,nov,11,13,4.58,,6.23
17_noviembre_2025.pdf,nov,11,14,4.55,,6.15
17_noviembre_2025.pdf,nov,11,15,4.53,,6.15
17_noviembre_2025.pdf,nov,11,16,4.53,,6.15
17_noviembre_2025.pdf,nov,11,4,158255.0,81927.0,23104.0
17_noviembre_2025.pdf,nov,11,5,119283.0,75402.0,14524.0
17_noviembre_2025.pdf,nov,11,6,95941.0,88692.0,20165.0
17_noviembre_2025.pdf,nov,11,7,115469.0,72719.0,9765.0
17_noviembre_2025.pdf,nov,11,8,86793.0,63589.0,12949.0
17_noviembre_2025.pdf,nov,11,9,26729.0,0.0,0.0
17_noviembre_2025.pdf,nov,11,10,116609.0,60996.0,60749.0
17_noviembre_2025.pdf,nov,11,11,108419.0,78737.0,13806.0
17_noviembre_2025.pdf,nov,11,12,122387.0,90442.0,8696.0
17_noviembre_2025.pdf,nov,11,13,98236.0,54030.0,27051.0
17_noviembre_2025.pdf,nov,11,14,39806.0,65596.0,18144.0
17_noviembre_2025.pdf,nov,11,15,80479.0,60732.0,18132.0
17_noviembre_2025.pdf,nov,11,16,35486.0,0.0,0.0
17_noviembre_2025.pdf,nov,11,17,,,
17_noviembre_2025.pdf,nov,11,1,4.55,,
17_noviembre_2025.pdf,nov,11,2,4.7,,4.55
17_noviembre_2025.pdf,nov,11,3,4.76,,4.55
17_noviembre_2025.pdf,nov,11,4,4.86,4.4,4.55
17_noviembre_2025.pdf,nov,11,5,4.74,,4.55
17_noviembre_2025.pdf,nov,11,6,4.92,4.2,4.55
17_noviembre_2025.pdf,nov,11,7,4.59,3.9,4.55
17_noviembre_2025.pdf,nov,11,8,4.91,3.9,4.55
17_noviembre_2025.pdf,nov,11,9,4.26,,4.55
17_noviembre_2025.pdf,nov,11,10,4.34,3.8,4.55
17_noviembre_2025.pdf,nov,11,11,4.34,,4.55
17_noviembre_2025.pdf,nov,11,12,4.29,,4.53
17_noviembre_2025.pdf,nov,11,13,4.15,,4.53
17_noviembre_2025.pdf,nov,11,14,4.61,,4.53
17_noviembre_2025.pdf,nov,11,15,4.61,,4.53
17_noviembre_2025.pdf,nov,11,16,3.65,,4.53
17_setiembre_2025.pdf,sep,9,4,5.7,,7.15
17_setiembre_2025.pdf,sep,9,5,5.65,,7.12
17_setiembre_2025.pdf,sep,9,6,5.65,,7.12
17_setiembre_2025.pdf,sep,9,7,5.65,,7.12
17_setiembre_2025.pdf,sep,9,8,5.45,,6.92
17_setiembre_2025.pdf,sep,9,9,5.3,,6.92
17_setiembre_2025.pdf,sep,9,10,5.25,,6.73
17_setiembre_2025.pdf,sep,9,11,5.25,,6.73
17_setiembre_2025.pdf,sep,9,12,5.25,,6.78
17_setiembre_2025.pdf,sep,9,13,5.23,,6.78
17_setiembre_2025.pdf,sep,9,14,5.23,,6.78
17_setiembre_2025.pdf,sep,9,15,5.28,,6.52
17_setiembre_2025.pdf,sep,9,16,5.28,,6.52
17_setiembre_2025.pdf,sep,9,4,156664.0,53435.0,0.0
17_setiembre_2025.pdf,sep,9,5,103191.0,62557.0,0.0
17_setiembre_2025.pdf,sep,9,6,97955.0,72622.0,0.0
17_setiembre_2025.pdf,sep,9,7,24295.0,0.0,0.0
17_setiembre_2025.pdf,sep,9,8,122354.0,85307.0,41931.0
17_setiembre_2025.pdf,sep,9,9,149803.0,132108.0,6940.0
17_setiembre_2025.pdf,sep,9,10,152889.0,88778.0,11028.0
17_setiembre_2025.pdf,sep,9,11,113487.0,74382.0,4536.0
17_setiembre_2025.pdf,sep,9,12,64824.0,0.0,12096.0
17_setiembre_2025.pdf,sep,9,13,90027.0,84179.0,13974.0
17_setiembre_2025.pdf,sep,9,14,26398.0,27143.0,0.0
17_setiembre_2025.pdf,sep,9,15,132789.0,61377.0,61733.0
17_setiembre_2025.pdf,sep,9,16,143524.0,132560.0,20358.0
17_setiembre_2025.pdf,sep,9,17,,,
17_setiembre_2025.pdf,sep,9,1,5.47,5.0,5.9
17_setiembre_2025.pdf,sep,9,2,5.43,5.0,5.9
17_setiembre_2025.pdf,sep,9,3,5.41,4.9,5.5
17_setiembre_2025.pdf,sep,9,4,5.31,4.8,5.5
17_setiembre_2025.pdf,sep,9,5,5.19,4.7,5.5
17_setiembre_2025.pdf,sep,9,6,5.22,4.6,5.4
17_setiembre_2025.pdf,sep,9,7,4.9,,5.4
17_setiembre_2025.pdf,sep,9,8,5.02,4.5,5.4
17_setiembre_2025.pdf,sep,9,9,5.09,4.5,5.4
17_setiembre_2025.pdf,sep,9,10,5.05,,5.1
17_setiembre_2025.pdf,sep,9,11,5.03,4.7,5.1
17_setiembre_2025.pdf,sep,9,12,4.88,4.7,5.1
17_setiembre_2025.pdf,sep,9,13,5.11,4.7,5.1
17_setiembre_2025.pdf,sep,9,14,4.8,,5.1
17_setiembre_2025.pdf,sep,9,15,5.14,4.9,5.1
17_setiembre_2025.pdf,sep,9,16,5.29,4.9,5.1
18_diciembre_2025.pdf,dic,12,5,5.73,,6.75
18_diciembre_2025.pdf,dic,12,6,5.73,,6.75
18_diciembre_2025.pdf,dic,12,7,5.73,,6.75
18_diciembre_2025.pdf,dic,12,8,5.73,,6.79
18_diciembre_2025.pdf,dic,12,9,5.73,,6.79
18_diciembre_2025.pdf,dic,12,10,5.68,,6.86
18_diciembre_2025.pdf,dic,12,11,5.58,,6.86
18_diciembre_2025.pdf,dic,12,12,5.5,,6.86
18_diciembre_2025.pdf,dic,12,13,5.5,,6.86
18_diciembre_2025.pdf,dic,12,14,5.5,,6.86
18_diciembre_2025.pdf,dic,12,15,5.2,,6.86
18_diciembre_2025.pdf,dic,12,16,5.2,,6.86
18_diciembre_2025.pdf,dic,12,17,4.9,,6.79
18_diciembre_2025.pdf,dic,12,5,103435.0,72976.0,5364.0
18_diciembre_2025.pdf,dic,12,6,79757.0,59124.0,8938.0
18_diciembre_2025.pdf,dic,12,7,25048.0,15275.0,0.0
18_diciembre_2025.pdf,dic,12,8,116481.0,0.0,43962.0
18_diciembre_2025.pdf,dic,12,9,46514.0,94330.0,6935.0
18_diciembre_2025.pdf,dic,12,10,148769.0,58624.0,14182.0
18_diciembre_2025.pdf,dic,12,11,100961.0,72682.0,26586.0
18_diciembre_2025.pdf,dic,12,12,68884.0,0.0,0.0
18_diciembre_2025.pdf,dic,12,13,107791.0,54667.0,6089.0
18_diciembre_2025.pdf,dic,12,14,22236.0,0.0,0.0
18_diciembre_2025.pdf,dic,12,15,118019.0,72182.0,35878.0
18_diciembre_2025.pdf,dic,12,16,123310.0,53334.0,10522.0
18_diciembre_2025.pdf,dic,12,17,53046.0,0.0,0.0
18_diciembre_2025.pdf,dic,12,18,,,
18_diciembre_2025.pdf,dic,12,2,5.71,5.7,4.23
18_diciembre_2025.pdf,dic,12,3,5.88,5.8,4.23
18_diciembre_2025.pdf,dic,12,4,5.67,5.6,4.75
18_diciembre_2025.pdf,dic,12,5,5.76,5.3,4.8
18_diciembre_2025.pdf,dic,12,6,5.99,5.1,4.8
18_diciembre_2025.pdf,dic,12,7,5.39,,4.8
18_diciembre_2025.pdf,dic,12,8,5.73,4.8,4.23
18_diciembre_2025.pdf,dic,12,9,5.18,4.6,4.8
18_diciembre_2025.pdf,dic,12,10,5.28,4.4,4.23
18_diciembre_2025.pdf,dic,12,11,5.04,4.1,6.73
18_diciembre_2025.pdf,dic,12,12,4.49,3.8,6.23
18_diciembre_2025.pdf,dic,12,13,5.47,3.8,6.23
18_diciembre_2025.pdf,dic,12,14,4.26,,6.23
18_diciembre_2025.pdf,dic,12,15,4.86,3.4,6.23
18_diciembre_2025.pdf,dic,12,16,4.39,3.4,6.23
18_diciembre_2025.pdf,dic,12,17,3.76,3.1,6.23
18_febrero_2026.pdf,feb,2,5,5.55,,6.15
18_febrero_2026.pdf,feb,2,6,5.95,,6.72
18_febrero_2026.pdf,feb,2,7,6.08,,6.72
18_febrero_2026.pdf,feb,2,8,6.08,,6.72
18_febrero_2026.pdf,feb,2,9,6.1,,7.03
18_febrero_2026.pdf,feb,2,10,6.28,,7.03
18_febrero_2026.pdf,feb,2,11,6.35,,7.16
18_febrero_2026.pdf,feb,2,12,6.25,,7.16
18_febrero_2026.pdf,feb,2,13,6.15,,7.23
18_febrero_2026.pdf,feb,2,14,6.15,,7.23
18_febrero_2026.pdf,feb,2,15,6.15,,7.23
18_febrero_2026.pdf,feb,2,16,6.1,,7.32
18_febrero_2026.pdf,feb,2,17,6.08,,7.32
18_febrero_2026.pdf,feb,2,5,90796.0,72881.0,9238.0
18_febrero_2026.pdf,feb,2,6,96154.0,70202.0,9732.0
18_febrero_2026.pdf,feb,2,7,81714.0,58672.0,8509.0
18_febrero_2026.pdf,feb,2,8,31978.0,0.0,0.0
18_febrero_2026.pdf,feb,2,9,92664.0,85925.0,37303.0
18_febrero_2026.pdf,feb,2,10,115681.0,60728.0,13209.0
18_febrero_2026.pdf,feb,2,11,101300.0,31005.0,14644.0
18_febrero_2026.pdf,feb,2,12,79849.0,48202.0,22986.0
18_febrero_2026.pdf,feb,2,13,93987.0,35670.0,6444.0
18_febrero_2026.pdf,feb,2,14,60325.0,20669.0,2413.0
18_febrero_2026.pdf,feb,2,15,318.0,0.0,0.0
18_febrero_2026.pdf,feb,2,16,97443.0,103696.0,8895.0
18_febrero_2026.pdf,feb,2,17,31561.0,15275.0,0.0
18_febrero_2026.pdf,feb,2,18,0.0,,
18_febrero_2026.pdf,feb,2,2,4.86,,4.37
18_febrero_2026.pdf,feb,2,3,5.21,,4.62
18_febrero_2026.pdf,feb,2,4,5.44,,5.51
18_febrero_2026.pdf,feb,2,5,5.71,,5.23
18_febrero_2026.pdf,feb,2,6,5.91,,5.23
18_febrero_2026.pdf,feb,2,7,6.31,,5.63
18_febrero_2026.pdf,feb,2,8,5.87,,5.63
18_febrero_2026.pdf,feb,2,9,6.15,,5.63
18_febrero_2026.pdf,feb,2,10,6.27,,5.63
18_febrero_2026.pdf,feb,2,11,6.26,,5.63
18_febrero_2026.pdf,feb,2,12,6.22,,5.63
18_febrero_2026.pdf,feb,2,13,6.11,,5.63
18_febrero_2026.pdf,feb,2,14,6.35,,5.63
18_febrero_2026.pdf,feb,2,15,5.63,,
18_febrero_2026.pdf,feb,2,16,6.18,,5.25
18_febrero_2026.pdf,feb,2,17,5.16,,5.65
18_marzo_2026.pdf,mar,3,5,5.93,,6.89
18_marzo_2026.pdf,mar,3,6,5.85,,6.98
18_marzo_2026.pdf,mar,3,7,5.85,,6.98
18_marzo_2026.pdf,mar,3,8,5.85,,6.98
18_marzo_2026.pdf,mar,3,9,6.15,,7.16
18_marzo_2026.pdf,mar,3,10,6.33,,7.16
18_marzo_2026.pdf,mar,3,11,6.4,,7.28
18_marzo_2026.pdf,mar,3,12,6.4,,7.28
18_marzo_2026.pdf,mar,3,13,6.4,,7.46
18_marzo_2026.pdf,mar,3,14,6.4,,7.46
18_marzo_2026.pdf,mar,3,15,6.4,,7.46
18_marzo_2026.pdf,mar,3,16,6.4,,7.75
18_marzo_2026.pdf,mar,3,17,6.4,,7.75
18_marzo_2026.pdf,mar,3,5,98330.0,90762.0,18442.0
18_marzo_2026.pdf,mar,3,6,120826.0,99622.0,12877.0
18_marzo_2026.pdf,mar,3,7,89620.0,100591.0,23427.0
18_marzo_2026.pdf,mar,3,8,80512.0,100759.0,33177.0
18_marzo_2026.pdf,mar,3,9,87949.0,15275.0,0.0
18_marzo_2026.pdf,mar,3,10,134435.0,102960.0,10226.0
18_marzo_2026.pdf,mar,3,11,141640.0,16462.0,0.0
18_marzo_2026.pdf,mar,3,12,140201.0,29539.0,20033.0
18_marzo_2026.pdf,mar,3,13,100686.0,44402.0,34506.0
18_marzo_2026.pdf,mar,3,14,132305.0,44702.0,10957.0
18_marzo_2026.pdf,mar,3,15,26409.0,0.0,0.0
18_marzo_2026.pdf,mar,3,16,105716.0,160087.0,49515.0
18_marzo_2026.pdf,mar,3,17,124385.0,61464.0,6938.0
18_marzo_2026.pdf,mar,3,18,0.0,,
18_marzo_2026.pdf,mar,3,2,6.07,,5.83
18_marzo_2026.pdf,mar,3,3,5.95,,5.83
18_marzo_2026.pdf,mar,3,4,5.8,,6.08
18_marzo_2026.pdf,mar,3,5,5.74,,6.08
18_marzo_2026.pdf,mar,3,6,5.92,,6.08
18_marzo_2026.pdf,mar,3,7,6.29,,6.08
18_marzo_2026.pdf,mar,3,8,6.03,,6.08
18_marzo_2026.pdf,mar,3,9,5.81,,5.97
18_marzo_2026.pdf,mar,3,10,6.4,,6.12
18_marzo_2026.pdf,mar,3,11,6.19,5.8,6.27
18_marzo_2026.pdf,mar,3,12,6.66,5.85,6.38
18_marzo_2026.pdf,mar,3,13,6.69,,6.2
18_marzo_2026.pdf,mar,3,14,7.12,5.85,6.09
18_marzo_2026.pdf,mar,3,15,6.31,,6.38
18_marzo_2026.pdf,mar,3,16,6.49,6.0,6.12
18_marzo_2026.pdf,mar,3,17,6.67,5.78,6.68
18_noviembre_2025.pdf,nov,11,5,4.83,,6.34
18_noviembre_2025.pdf,nov,11,6,4.78,,6.34
18_noviembre_2025.pdf,nov,11,7,4.73,,6.37
18_noviembre_2025.pdf,nov,11,8,4.73,,6.37
18_noviembre_2025.pdf,nov,11,9,4.73,,6.37
18_noviembre_2025.pdf,nov,11,10,4.73,,6.25
18_noviembre_2025.pdf,nov,11,11,4.7,,6.25
18_noviembre_2025.pdf,nov,11,12,4.63,,6.23
18_noviembre_2025.pdf,nov,11,13,4.58,,6.23
18_noviembre_2025.pdf,nov,11,14,4.55,,6.15
18_noviembre_2025.pdf,nov,11,15,4.53,,6.15
18_noviembre_2025.pdf,nov,11,16,4.53,,6.15
18_noviembre_2025.pdf,nov,11,17,4.48,,6.09
18_noviembre_2025.pdf,nov,11,5,119283.0,75402.0,14524.0
18_noviembre_2025.pdf,nov,11,6,95941.0,88692.0,20165.0
18_noviembre_2025.pdf,nov,11,7,115469.0,72719.0,9765.0
18_noviembre_2025.pdf,nov,11,8,86793.0,63589.0,12949.0
18_noviembre_2025.pdf,nov,11,9,26729.0,0.0,0.0
18_noviembre_2025.pdf,nov,11,10,116609.0,60996.0,60749.0
18_noviembre_2025.pdf,nov,11,11,117139.0,78737.0,24676.0
18_noviembre_2025.pdf,nov,11,12,140531.0,90442.0,14744.0
18_noviembre_2025.pdf,nov,11,13,107309.0,54030.0,34611.0
18_noviembre_2025.pdf,nov,11,14,48989.0,65596.0,18144.0
18_noviembre_2025.pdf,nov,11,15,95599.0,60732.0,18132.0
18_noviembre_2025.pdf,nov,11,16,35486.0,0.0,0.0
18_noviembre_2025.pdf,nov,11,17,181239.0,107313.0,66008.0
18_noviembre_2025.pdf,nov,11,18,,,
18_noviembre_2025.pdf,nov,11,2,4.7,,4.55
18_noviembre_2025.pdf,nov,11,3,4.76,,4.55
18_noviembre_2025.pdf,nov,11,4,4.86,4.4,4.55
18_noviembre_2025.pdf,nov,11,5,4.74,,4.55
18_noviembre_2025.pdf,nov,11,6,4.92,4.2,4.55
18_noviembre_2025.pdf,nov,11,7,4.59,3.9,4.55
18_noviembre_2025.pdf,nov,11,8,4.91,3.9,4.55
18_noviembre_2025.pdf,nov,11,9,4.26,,4.55
18_noviembre_2025.pdf,nov,11,10,4.34,3.8,4.55
18_noviembre_2025.pdf,nov,11,11,4.34,3.7,4.55
18_noviembre_2025.pdf,nov,11,12,4.29,3.7,4.53
18_noviembre_2025.pdf,nov,11,13,4.15,3.7,4.53
18_noviembre_2025.pdf,nov,11,14,4.61,3.7,4.53
18_noviembre_2025.pdf,nov,11,15,4.61,3.7,4.53
18_noviembre_2025.pdf,nov,11,16,3.65,,4.53
18_noviembre_2025.pdf,nov,11,17,4.17,3.7,4.53
18_setiembre_2025.pdf,sep,9,5,5.65,,7.12
18_setiembre_2025.pdf,sep,9,6,5.65,,7.12
18_setiembre_2025.pdf,sep,9,7,5.65,,7.12
18_setiembre_2025.pdf,sep,9,8,5.45,,6.92
18_setiembre_2025.pdf,sep,9,9,5.3,,6.92
18_setiembre_2025.pdf,sep,9,10,5.25,,6.73
18_setiembre_2025.pdf,sep,9,11,5.25,,6.73
18_setiembre_2025.pdf,sep,9,12,5.25,,6.78
18_setiembre_2025.pdf,sep,9,13,5.23,,6.78
18_setiembre_2025.pdf,sep,9,14,5.23,,6.78
18_setiembre_2025.pdf,sep,9,15,5.28,,6.52
18_setiembre_2025.pdf,sep,9,16,5.28,,6.52
18_setiembre_2025.pdf,sep,9,17,5.28,,6.53
18_setiembre_2025.pdf,sep,9,5,103191.0,62557.0,0.0
18_setiembre_2025.pdf,sep,9,6,97955.0,72622.0,0.0
18_setiembre_2025.pdf,sep,9,7,24295.0,0.0,0.0
18_setiembre_2025.pdf,sep,9,8,122354.0,85307.0,41931.0
18_setiembre_2025.pdf,sep,9,9,149803.0,132108.0,6940.0
18_setiembre_2025.pdf,sep,9,10,152889.0,88778.0,11028.0
18_setiembre_2025.pdf,sep,9,11,113487.0,74382.0,4536.0
18_setiembre_2025.pdf,sep,9,12,64824.0,0.0,12096.0
18_setiembre_2025.pdf,sep,9,13,90027.0,84179.0,13974.0
18_setiembre_2025.pdf,sep,9,14,26398.0,27143.0,0.0
18_setiembre_2025.pdf,sep,9,15,132789.0,61377.0,61733.0
18_setiembre_2025.pdf,sep,9,16,143524.0,132560.0,20358.0
18_setiembre_2025.pdf,sep,9,17,132460.0,89203.0,10312.0
18_setiembre_2025.pdf,sep,9,18,,,
18_setiembre_2025.pdf,sep,9,2,5.43,5.0,5.9
18_setiembre_2025.pdf,sep,9,3,5.41,4.9,5.5
18_setiembre_2025.pdf,sep,9,4,5.31,4.8,5.5
18_setiembre_2025.pdf,sep,9,5,5.19,4.7,5.5
18_setiembre_2025.pdf,sep,9,6,5.22,4.6,5.4
18_setiembre_2025.pdf,sep,9,7,4.9,,5.4
18_setiembre_2025.pdf,sep,9,8,5.02,4.5,5.4
18_setiembre_2025.pdf,sep,9,9,5.09,4.5,5.4
18_setiembre_2025.pdf,sep,9,10,5.05,,5.1
18_setiembre_2025.pdf,sep,9,11,5.03,4.7,5.1
18_setiembre_2025.pdf,sep,9,12,4.88,4.7,5.1
18_setiembre_2025.pdf,sep,9,13,5.11,4.7,5.1
18_setiembre_2025.pdf,sep,9,14,4.8,,5.1
18_setiembre_2025.pdf,sep,9,15,5.14,4.9,5.1
18_setiembre_2025.pdf,sep,9,16,5.29,4.9,5.1
18_setiembre_2025.pdf,sep,9,17,5.25,4.9,5.2
19_diciembre_2025.pdf,dic,12,6,5.73,,6.75
19_diciembre_2025.pdf,dic,12,7,5.73,,6.75
19_diciembre_2025.pdf,dic,12,8,5.73,,6.79
19_diciembre_2025.pdf,dic,12,9,5.73,,6.79
19_diciembre_2025.pdf,dic,12,10,5.68,,6.86
19_diciembre_2025.pdf,dic,12,11,5.58,,6.86
19_diciembre_2025.pdf,dic,12,12,5.5,,6.86
19_diciembre_2025.pdf,dic,12,13,5.5,,6.86
19_diciembre_2025.pdf,dic,12,14,5.5,,6.86
19_diciembre_2025.pdf,dic,12,15,5.2,,6.86
19_diciembre_2025.pdf,dic,12,16,5.2,,6.86
19_diciembre_2025.pdf,dic,12,17,4.9,,6.79
19_diciembre_2025.pdf,dic,12,18,4.7,,6.79
19_diciembre_2025.pdf,dic,12,6,79757.0,59124.0,8938.0
19_diciembre_2025.pdf,dic,12,7,25048.0,15275.0,0.0
19_diciembre_2025.pdf,dic,12,8,116481.0,0.0,43962.0
19_diciembre_2025.pdf,dic,12,9,46514.0,94330.0,6935.0
19_diciembre_2025.pdf,dic,12,10,148769.0,58624.0,14182.0
19_diciembre_2025.pdf,dic,12,11,100961.0,72682.0,26586.0
19_diciembre_2025.pdf,dic,12,12,68884.0,0.0,0.0
19_diciembre_2025.pdf,dic,12,13,107791.0,54667.0,6089.0
19_diciembre_2025.pdf,dic,12,14,22236.0,0.0,0.0
19_diciembre_2025.pdf,dic,12,15,118019.0,72182.0,35878.0
19_diciembre_2025.pdf,dic,12,16,123310.0,53334.0,10522.0
19_diciembre_2025.pdf,dic,12,17,53046.0,0.0,0.0
19_diciembre_2025.pdf,dic,12,18,68636.0,40584.0,28311.0
19_diciembre_2025.pdf,dic,12,19,,,
19_diciembre_2025.pdf,dic,12,3,5.88,5.8,4.23
19_diciembre_2025.pdf,dic,12,4,5.67,5.6,4.75
19_diciembre_2025.pdf,dic,12,5,5.76,5.3,4.8
19_diciembre_2025.pdf,dic,12,6,5.99,5.1,4.8
19_diciembre_2025.pdf,dic,12,7,5.39,,4.8
19_diciembre_2025.pdf,dic,12,8,5.73,4.8,4.23
19_diciembre_2025.pdf,dic,12,9,5.18,4.6,4.8
19_diciembre_2025.pdf,dic,12,10,5.28,4.4,4.23
19_diciembre_2025.pdf,dic,12,11,5.04,4.1,6.73
19_diciembre_2025.pdf,dic,12,12,4.49,3.8,6.23
19_diciembre_2025.pdf,dic,12,13,5.47,3.8,6.23
19_diciembre_2025.pdf,dic,12,14,4.26,,6.23
19_diciembre_2025.pdf,dic,12,15,4.86,3.4,6.23
19_diciembre_2025.pdf,dic,12,16,4.39,3.4,6.23
19_diciembre_2025.pdf,dic,12,17,3.76,3.1,6.23
19_diciembre_2025.pdf,dic,12,18,4.07,,5.13
19_enero_2026.pdf,ene,1,6,4.35,,
19_enero_2026.pdf,ene,1,7,4.28,,
19_enero_2026.pdf,ene,1,8,4.13,,
19_enero_2026.pdf,ene,1,9,4.0,,
19_enero_2026.pdf,ene,1,10,3.95,,
19_enero_2026.pdf,ene,1,11,3.95,,
19_enero_2026.pdf,ene,1,12,3.93,,
19_enero_2026.pdf,ene,1,13,3.95,,
19_enero_2026.pdf,ene,1,14,3.95,,
19_enero_2026.pdf,ene,1,15,3.9,,
19_enero_2026.pdf,ene,1,16,3.88,,
19_enero_2026.pdf,ene,1,17,3.88,,
19_enero_2026.pdf,ene,1,18,3.88,,
19_enero_2026.pdf,ene,1,6,151414.0,101184.0,7923.0
19_enero_2026.pdf,ene,1,7,94925.0,71888.0,22595.0
19_enero_2026.pdf,ene,1,8,87107.0,72740.0,23360.0
19_enero_2026.pdf,ene,1,9,97815.0,132123.0,6572.0
19_enero_2026.pdf,ene,1,10,99138.0,88362.0,26020.0
19_enero_2026.pdf,ene,1,11,37230.0,0.0,0.0
19_enero_2026.pdf,ene,1,12,102956.0,123295.0,37069.0
19_enero_2026.pdf,ene,1,13,134284.0,115941.0,14602.0
19_enero_2026.pdf,ene,1,14,80678.0,74169.0,7689.0
19_enero_2026.pdf,ene,1,15,87203.0,52603.0,19402.0
19_enero_2026.pdf,ene,1,16,85933.0,79502.0,18164.0
19_enero_2026.pdf,ene,1,17,90502.0,71185.0,14207.0
19_enero_2026.pdf,ene,1,18,22935.0,0.0,0.0
19_enero_2026.pdf,ene,1,19,,,
19_enero_2026.pdf,ene,1,3,4.03,,
19_enero_2026.pdf,ene,1,4,3.99,,4.03
19_enero_2026.pdf,ene,1,5,4.15,,4.03
19_enero_2026.pdf,ene,1,6,4.23,,4.0
19_enero_2026.pdf,ene,1,7,4.07,,3.9
19_enero_2026.pdf,ene,1,8,3.75,,3.77
19_enero_2026.pdf,ene,1,9,3.63,,3.65
19_enero_2026.pdf,ene,1,10,4.56,,4.03
19_enero_2026.pdf,ene,1,11,3.39,,4.03
19_enero_2026.pdf,ene,1,12,3.74,,4.03
19_enero_2026.pdf,ene,1,13,3.76,,4.08
19_enero_2026.pdf,ene,1,14,3.86,,4.08
19_enero_2026.pdf,ene,1,15,3.99,,4.08
19_enero_2026.pdf,ene,1,16,3.96,,4.08
19_enero_2026.pdf,ene,1,17,4.58,,4.08
19_enero_2026.pdf,ene,1,18,3.73,,4.08
19_febrero_2026.pdf,feb,2,6,5.95,,6.72
19_febrero_2026.pdf,feb,2,7,6.08,,6.72
19_febrero_2026.pdf,feb,2,8,6.08,,6.72
19_febrero_2026.pdf,feb,2,9,6.1,,7.03
19_febrero_2026.pdf,feb,2,10,6.28,,7.03
19_febrero_2026.pdf,feb,2,11,6.35,,7.16
19_febrero_2026.pdf,feb,2,12,6.25,,7.16
19_febrero_2026.pdf,feb,2,13,6.15,,7.23
19_febrero_2026.pdf,feb,2,14,6.15,,7.23
19_febrero_2026.pdf,feb,2,15,6.15,,7.23
19_febrero_2026.pdf,feb,2,16,6.1,,7.32
19_febrero_2026.pdf,feb,2,17,6.08,,7.32
19_febrero_2026.pdf,feb,2,18,5.95,,7.39
19_febrero_2026.pdf,feb,2,6,96154.0,70202.0,9732.0
19_febrero_2026.pdf,feb,2,7,81714.0,58672.0,8509.0
19_febrero_2026.pdf,feb,2,8,31978.0,0.0,0.0
19_febrero_2026.pdf,feb,2,9,92664.0,85925.0,37303.0
19_febrero_2026.pdf,feb,2,10,115681.0,60728.0,13209.0
19_febrero_2026.pdf,feb,2,11,101300.0,31005.0,14644.0
19_febrero_2026.pdf,feb,2,12,79849.0,48202.0,22986.0
19_febrero_2026.pdf,feb,2,13,93987.0,35670.0,6444.0
19_febrero_2026.pdf,feb,2,14,60325.0,20669.0,2413.0
19_febrero_2026.pdf,feb,2,15,318.0,0.0,0.0
19_febrero_2026.pdf,feb,2,16,97443.0,103696.0,8895.0
19_febrero_2026.pdf,feb,2,17,103452.0,101657.0,29905.0
19_febrero_2026.pdf,feb,2,18,88509.0,131158.0,15736.0
19_febrero_2026.pdf,feb,2,19,0.0,,
19_febrero_2026.pdf,feb,2,3,5.21,,4.62
19_febrero_2026.pdf,feb,2,4,5.44,,5.51
19_febrero_2026.pdf,feb,2,5,5.71,,5.23
19_febrero_2026.pdf,feb,2,6,5.91,,5.23
19_febrero_2026.pdf,feb,2,7,6.31,,5.63
19_febrero_2026.pdf,feb,2,8,5.87,,5.63
19_febrero_2026.pdf,feb,2,9,6.15,,5.63
19_febrero_2026.pdf,feb,2,10,6.27,,5.63
19_febrero_2026.pdf,feb,2,11,6.26,,5.63
19_febrero_2026.pdf,feb,2,12,6.22,,5.63
19_febrero_2026.pdf,feb,2,13,6.11,,5.63
19_febrero_2026.pdf,feb,2,14,6.35,,5.63
19_febrero_2026.pdf,feb,2,15,5.63,,
19_febrero_2026.pdf,feb,2,16,6.18,,5.25
19_febrero_2026.pdf,feb,2,17,5.54,,5.65
19_febrero_2026.pdf,feb,2,18,5.59,,5.55
19_marzo_2026.pdf,mar,3,6,5.85,,6.98
19_marzo_2026.pdf,mar,3,7,5.85,,6.98
19_marzo_2026.pdf,mar,3,8,5.85,,6.98
19_marzo_2026.pdf,mar,3,9,6.15,,7.16
19_marzo_2026.pdf,mar,3,10,6.33,,7.16
19_marzo_2026.pdf,mar,3,11,6.4,,7.28
19_marzo_2026.pdf,mar,3,12,6.4,,7.28
19_marzo_2026.pdf,mar,3,13,6.4,,7.46
19_marzo_2026.pdf,mar,3,14,6.4,,7.46
19_marzo_2026.pdf,mar,3,15,6.4,,7.46
19_marzo_2026.pdf,mar,3,16,6.4,,7.75
19_marzo_2026.pdf,mar,3,17,6.4,,7.75
19_marzo_2026.pdf,mar,3,18,6.4,,7.75
19_marzo_2026.pdf,mar,3,6,120826.0,99622.0,12877.0
19_marzo_2026.pdf,mar,3,7,89620.0,100591.0,23427.0
19_marzo_2026.pdf,mar,3,8,80512.0,100759.0,33177.0
19_marzo_2026.pdf,mar,3,9,87949.0,15275.0,0.0
19_marzo_2026.pdf,mar,3,10,134435.0,102960.0,10226.0
19_marzo_2026.pdf,mar,3,11,141640.0,16462.0,0.0
19_marzo_2026.pdf,mar,3,12,140201.0,29539.0,20033.0
19_marzo_2026.pdf,mar,3,13,100686.0,44402.0,34506.0
19_marzo_2026.pdf,mar,3,14,132305.0,44702.0,10957.0
19_marzo_2026.pdf,mar,3,15,26409.0,0.0,0.0
19_marzo_2026.pdf,mar,3,16,105716.0,160087.0,49515.0
19_marzo_2026.pdf,mar,3,17,124385.0,61464.0,6938.0
19_marzo_2026.pdf,mar,3,18,149386.0,82572.0,4805.0
19_marzo_2026.pdf,mar,3,19,0.0,,
19_marzo_2026.pdf,mar,3,3,5.95,,5.83
19_marzo_2026.pdf,mar,3,4,5.8,,6.08
19_marzo_2026.pdf,mar,3,5,5.74,,6.08
19_marzo_2026.pdf,mar,3,6,5.92,,6.08
19_marzo_2026.pdf,mar,3,7,6.29,,6.08
19_marzo_2026.pdf,mar,3,8,6.03,,6.08
19_marzo_2026.pdf,mar,3,9,5.81,,5.97
19_marzo_2026.pdf,mar,3,10,6.4,,6.12
19_marzo_2026.pdf,mar,3,11,6.19,5.8,6.27
19_marzo_2026.pdf,mar,3,12,6.66,5.85,6.38
19_marzo_2026.pdf,mar,3,13,6.69,,6.2
19_marzo_2026.pdf,mar,3,14,7.12,5.85,6.09
19_marzo_2026.pdf,mar,3,15,6.31,,6.38
19_marzo_2026.pdf,mar,3,16,6.49,6.0,6.12
19_marzo_2026.pdf,mar,3,17,6.67,5.78,6.68
19_marzo_2026.pdf,mar,3,18,6.53,5.8,6.27
19_noviembre_2025.pdf,nov,11,6,4.78,,6.34
19_noviembre_2025.pdf,nov,11,7,4.73,,6.37
19_noviembre_2025.pdf,nov,11,8,4.73,,6.37
19_noviembre_2025.pdf,nov,11,9,4.73,,6.37
19_noviembre_2025.pdf,nov,11,10,4.73,,6.25
19_noviembre_2025.pdf,nov,11,11,4.7,,6.25
19_noviembre_2025.pdf,nov,11,12,4.63,,6.23
19_noviembre_2025.pdf,nov,11,13,4.58,,6.23
19_noviembre_2025.pdf,nov,11,14,4.55,,6.15
19_noviembre_2025.pdf,nov,11,15,4.53,,6.15
19_noviembre_2025.pdf,nov,11,16,4.53,,6.15
19_noviembre_2025.pdf,nov,11,17,4.48,,6.09
19_noviembre_2025.pdf,nov,11,18,4.48,,6.09
19_noviembre_2025.pdf,nov,11,6,95941.0,88692.0,20165.0
19_noviembre_2025.pdf,nov,11,7,115469.0,72719.0,9765.0
19_noviembre_2025.pdf,nov,11,8,86793.0,63589.0,12949.0
19_noviembre_2025.pdf,nov,11,9,26729.0,0.0,0.0
19_noviembre_2025.pdf,nov,11,10,116609.0,60996.0,60749.0
19_noviembre_2025.pdf,nov,11,11,117139.0,78737.0,24676.0
19_noviembre_2025.pdf,nov,11,12,140531.0,90442.0,14744.0
19_noviembre_2025.pdf,nov,11,13,107309.0,54030.0,34611.0
19_noviembre_2025.pdf,nov,11,14,48989.0,65596.0,18144.0
19_noviembre_2025.pdf,nov,11,15,95599.0,60732.0,18132.0
19_noviembre_2025.pdf,nov,11,16,35486.0,0.0,0.0
19_noviembre_2025.pdf,nov,11,17,181239.0,107313.0,66008.0
19_noviembre_2025.pdf,nov,11,18,165411.0,139424.0,16864.0
19_noviembre_2025.pdf,nov,11,19,,,
19_noviembre_2025.pdf,nov,11,3,4.76,,4.55
19_noviembre_2025.pdf,nov,11,4,4.86,4.4,4.55
19_noviembre_2025.pdf,nov,11,5,4.74,,4.55
19_noviembre_2025.pdf,nov,11,6,4.92,4.2,4.55
19_noviembre_2025.pdf,nov,11,7,4.59,3.9,4.55
19_noviembre_2025.pdf,nov,11,8,4.91,3.9,4.55
19_noviembre_2025.pdf,nov,11,9,4.26,,4.55
19_noviembre_2025.pdf,nov,11,10,4.34,3.8,4.55
19_noviembre_2025.pdf,nov,11,11,4.34,3.7,4.55
19_noviembre_2025.pdf,nov,11,12,4.29,3.7,4.53
19_noviembre_2025.pdf,nov,11,13,4.15,3.7,4.53
19_noviembre_2025.pdf,nov,11,14,4.61,3.7,4.53
19_noviembre_2025.pdf,nov,11,15,4.61,3.7,4.53
19_noviembre_2025.pdf,nov,11,16,3.65,,4.53
19_noviembre_2025.pdf,nov,11,17,4.17,3.7,4.53
19_noviembre_2025.pdf,nov,11,18,4.17,,4.53
19_setiembre_2025.pdf,sep,9,6,5.65,,7.12
19_setiembre_2025.pdf,sep,9,7,5.65,,7.12
19_setiembre_2025.pdf,sep,9,8,5.45,,6.92
19_setiembre_2025.pdf,sep,9,9,5.3,,6.92
19_setiembre_2025.pdf,sep,9,10,5.25,,6.73
19_setiembre_2025.pdf,sep,9,11,5.25,,6.73
19_setiembre_2025.pdf,sep,9,12,5.25,,6.78
19_setiembre_2025.pdf,sep,9,13,5.23,,6.78
19_setiembre_2025.pdf,sep,9,14,5.23,,6.78
19_setiembre_2025.pdf,sep,9,15,5.28,,6.52
19_setiembre_2025.pdf,sep,9,16,5.28,,6.52
19_setiembre_2025.pdf,sep,9,17,5.28,,6.53
19_setiembre_2025.pdf,sep,9,18,5.3,,6.53
19_setiembre_2025.pdf,sep,9,6,97955.0,72622.0,0.0
19_setiembre_2025.pdf,sep,9,7,24295.0,0.0,0.0
19_setiembre_2025.pdf,sep,9,8,122354.0,85307.0,41931.0
19_setiembre_2025.pdf,sep,9,9,149803.0,132108.0,6940.0
19_setiembre_2025.pdf,sep,9,10,152889.0,88778.0,11028.0
19_setiembre_2025.pdf,sep,9,11,113487.0,74382.0,4536.0
19_setiembre_2025.pdf,sep,9,12,64824.0,0.0,12096.0
19_setiembre_2025.pdf,sep,9,13,90027.0,84179.0,13974.0
19_setiembre_2025.pdf,sep,9,14,26398.0,27143.0,0.0
19_setiembre_2025.pdf,sep,9,15,132789.0,61377.0,61733.0
19_setiembre_2025.pdf,sep,9,16,143524.0,132560.0,20358.0
19_setiembre_2025.pdf,sep,9,17,132460.0,89203.0,10312.0
19_setiembre_2025.pdf,sep,9,18,109177.0,52134.0,23605.0
19_setiembre_2025.pdf,sep,9,19,,,
19_setiembre_2025.pdf,sep,9,3,5.41,4.9,5.5
19_setiembre_2025.pdf,sep,9,4,5.31,4.8,5.5
19_setiembre_2025.pdf,sep,9,5,5.19,4.7,5.5
19_setiembre_2025.pdf,sep,9,6,5.22,4.6,5.4
19_setiembre_2025.pdf,sep,9,7,4.9,,5.4
19_setiembre_2025.pdf,sep,9,8,5.02,4.5,5.4
19_setiembre_2025.pdf,sep,9,9,5.09,4.5,5.4
19_setiembre_2025.pdf,sep,9,10,5.05,,5.1
19_setiembre_2025.pdf,sep,9,11,5.03,4.7,5.1
19_setiembre_2025.pdf,sep,9,12,4.88,4.7,5.1
19_setiembre_2025.pdf,sep,9,13,5.11,4.7,5.1
19_setiembre_2025.pdf,sep,9,14,4.8,,5.1
19_setiembre_2025.pdf,sep,9,15,5.14,4.9,5.1
19_setiembre_2025.pdf,sep,9,16,5.29,4.9,5.1
19_setiembre_2025.pdf,sep,9,17,5.25,4.9,5.2
19_setiembre_2025.pdf,sep,9,18,5.25,,5.2
20_abril_2026.pdf,abr,4,7,5.98,,7.16
20_abril_2026.pdf,abr,4,8,6.08,,7.15
20_abril_2026.pdf,abr,4,9,6.2,,7.15
20_abril_2026.pdf,abr,4,10,6.25,,7.24
20_abril_2026.pdf,abr,4,11,6.25,,7.24
20_abril_2026.pdf,abr,4,12,6.25,,7.24
20_abril_2026.pdf,abr,4,13,6.25,,7.38
20_abril_2026.pdf,abr,4,14,6.25,,7.38
20_abril_2026.pdf,abr,4,15,6.25,,7.49
20_abril_2026.pdf,abr,4,16,6.23,,7.49
20_abril_2026.pdf,abr,4,17,6.23,,7.43
20_abril_2026.pdf,abr,4,18,6.23,,7.43
20_abril_2026.pdf,abr,4,19,6.23,,7.43
20_abril_2026.pdf,abr,4,7,162904.0,47847.0,7394.0
20_abril_2026.pdf,abr,4,8,99192.0,56747.0,20459.0
20_abril_2026.pdf,abr,4,9,92371.0,48377.0,28095.0
20_abril_2026.pdf,abr,4,10,124160.0,63354.0,9709.0
20_abril_2026.pdf,abr,4,11,77101.0,65503.0,9770.0
20_abril_2026.pdf,abr,4,12,21221.0,0.0,0.0
20_abril_2026.pdf,abr,4,13,99533.0,94267.0,34383.0
20_abril_2026.pdf,abr,4,14,240073.0,126941.0,8554.0
20_abril_2026.pdf,abr,4,15,82298.0,54091.0,8761.0
20_abril_2026.pdf,abr,4,16,83496.0,35894.0,23535.0
20_abril_2026.pdf,abr,4,17,107284.0,70652.0,14556.0
20_abril_2026.pdf,abr,4,18,100437.0,65127.0,20421.0
20_abril_2026.pdf,abr,4,19,28155.0,0.0,0.0
20_abril_2026.pdf,abr,4,20,0.0,,
20_abril_2026.pdf,abr,4,4,5.95,,6.48
20_abril_2026.pdf,abr,4,5,5.47,,6.48
20_abril_2026.pdf,abr,4,6,5.79,,6.48
20_abril_2026.pdf,abr,4,7,6.1,5.35,6.48
20_abril_2026.pdf,abr,4,8,6.15,,6.48
20_abril_2026.pdf,abr,4,9,6.29,,6.48
20_abril_2026.pdf,abr,4,10,6.37,5.8,6.48
20_abril_2026.pdf,abr,4,11,6.81,,6.48
20_abril_2026.pdf,abr,4,12,6.06,,6.48
20_abril_2026.pdf,abr,4,13,6.25,,6.48
20_abril_2026.pdf,abr,4,14,6.36,5.75,6.1
20_abril_2026.pdf,abr,4,15,6.31,,6.48
20_abril_2026.pdf,abr,4,16,6.13,,6.48
20_abril_2026.pdf,abr,4,17,6.06,5.4,6.48
20_abril_2026.pdf,abr,4,18,6.39,,6.48
20_abril_2026.pdf,abr,4,19,5.61,,6.48
20_enero_2026.pdf,ene,1,7,4.28,,
20_enero_2026.pdf,ene,1,8,4.13,,
20_enero_2026.pdf,ene,1,9,4.0,,
20_enero_2026.pdf,ene,1,10,3.95,,
20_enero_2026.pdf,ene,1,11,3.95,,
20_enero_2026.pdf,ene,1,12,3.93,,
20_enero_2026.pdf,ene,1,13,3.95,,
20_enero_2026.pdf,ene,1,14,3.95,,
20_enero_2026.pdf,ene,1,15,3.9,,
20_enero_2026.pdf,ene,1,16,3.88,,
20_enero_2026.pdf,ene,1,17,3.88,,
20_enero_2026.pdf,ene,1,18,3.88,,
20_enero_2026.pdf,ene,1,19,3.88,,
20_enero_2026.pdf,ene,1,7,94925.0,71888.0,22595.0
20_enero_2026.pdf,ene,1,8,87107.0,72740.0,23360.0
20_enero_2026.pdf,ene,1,9,97815.0,132123.0,6572.0
20_enero_2026.pdf,ene,1,10,99138.0,88362.0,26020.0
20_enero_2026.pdf,ene,1,11,37230.0,0.0,0.0
20_enero_2026.pdf,ene,1,12,102956.0,123295.0,37069.0
20_enero_2026.pdf,ene,1,13,134284.0,115941.0,14602.0
20_enero_2026.pdf,ene,1,14,80678.0,74169.0,7689.0
20_enero_2026.pdf,ene,1,15,87203.0,52603.0,19402.0
20_enero_2026.pdf,ene,1,16,85933.0,79502.0,18164.0
20_enero_2026.pdf,ene,1,17,90502.0,71185.0,14207.0
20_enero_2026.pdf,ene,1,18,22935.0,0.0,0.0
20_enero_2026.pdf,ene,1,19,57292.0,0.0,0.0
20_enero_2026.pdf,ene,1,20,,,
20_enero_2026.pdf,ene,1,4,3.99,,4.03
20_enero_2026.pdf,ene,1,5,4.15,,4.03
20_enero_2026.pdf,ene,1,6,4.23,,4.0
20_enero_2026.pdf,ene,1,7,4.07,,3.9
20_enero_2026.pdf,ene,1,8,3.75,,3.77
20_enero_2026.pdf,ene,1,9,3.63,,3.65
20_enero_2026.pdf,ene,1,10,4.56,,4.03
20_enero_2026.pdf,ene,1,11,3.39,,4.03
20_enero_2026.pdf,ene,1,12,3.74,,4.03
20_enero_2026.pdf,ene,1,13,3.76,,4.08
20_enero_2026.pdf,ene,1,14,3.86,,4.08
20_enero_2026.pdf,ene,1,15,3.99,,4.08
20_enero_2026.pdf,ene,1,16,3.96,,4.08
20_enero_2026.pdf,ene,1,17,4.58,,4.08
20_enero_2026.pdf,ene,1,18,3.73,,4.08
20_enero_2026.pdf,ene,1,19,3.36,,4.08
20_febrero_2026.pdf,feb,2,7,6.08,,6.72
20_febrero_2026.pdf,feb,2,8,6.08,,6.72
20_febrero_2026.pdf,feb,2,9,6.1,,7.03
20_febrero_2026.pdf,feb,2,10,6.28,,7.03
20_febrero_2026.pdf,feb,2,11,6.35,,7.16
20_febrero_2026.pdf,feb,2,12,6.25,,7.16
20_febrero_2026.pdf,feb,2,13,6.15,,7.23
20_febrero_2026.pdf,feb,2,14,6.15,,7.23
20_febrero_2026.pdf,feb,2,15,6.15,,7.23
20_febrero_2026.pdf,feb,2,16,6.1,,7.32
20_febrero_2026.pdf,feb,2,17,6.08,,7.32
20_febrero_2026.pdf,feb,2,18,5.95,,7.39
20_febrero_2026.pdf,feb,2,19,5.85,,7.39
20_febrero_2026.pdf,feb,2,7,81714.0,58672.0,8509.0
20_febrero_2026.pdf,feb,2,8,31978.0,0.0,0.0
20_febrero_2026.pdf,feb,2,9,92664.0,85925.0,37303.0
20_febrero_2026.pdf,feb,2,10,115681.0,60728.0,13209.0
20_febrero_2026.pdf,feb,2,11,101300.0,31005.0,14644.0
20_febrero_2026.pdf,feb,2,12,79849.0,48202.0,22986.0
20_febrero_2026.pdf,feb,2,13,93987.0,35670.0,6444.0
20_febrero_2026.pdf,feb,2,14,60325.0,20669.0,2413.0
20_febrero_2026.pdf,feb,2,15,318.0,0.0,0.0
20_febrero_2026.pdf,feb,2,16,97443.0,103696.0,8895.0
20_febrero_2026.pdf,feb,2,17,103452.0,101657.0,29905.0
20_febrero_2026.pdf,feb,2,18,88509.0,131158.0,15736.0
20_febrero_2026.pdf,feb,2,19,101021.0,67753.0,27406.0
20_febrero_2026.pdf,feb,2,20,0.0,,
20_febrero_2026.pdf,feb,2,4,5.44,,5.51
20_febrero_2026.pdf,feb,2,5,5.71,,5.23
20_febrero_2026.pdf,feb,2,6,5.91,,5.23
20_febrero_2026.pdf,feb,2,7,6.31,,5.63
20_febrero_2026.pdf,feb,2,8,5.87,,5.63
20_febrero_2026.pdf,feb,2,9,6.15,,5.63
20_febrero_2026.pdf,feb,2,10,6.27,,5.63
20_febrero_2026.pdf,feb,2,11,6.26,,5.63
20_febrero_2026.pdf,feb,2,12,6.22,,5.63
20_febrero_2026.pdf,feb,2,13,6.11,,5.63
20_febrero_2026.pdf,feb,2,14,6.35,,5.63
20_febrero_2026.pdf,feb,2,15,5.63,,
20_febrero_2026.pdf,feb,2,16,6.18,,5.25
20_febrero_2026.pdf,feb,2,17,5.54,,5.65
20_febrero_2026.pdf,feb,2,18,5.59,,5.55
20_febrero_2026.pdf,feb,2,19,5.29,,6.33
20_marzo_2026.pdf,mar,3,7,5.85,,6.98
20_marzo_2026.pdf,mar,3,8,5.85,,6.98
20_marzo_2026.pdf,mar,3,9,6.15,,7.16
20_marzo_2026.pdf,mar,3,10,6.33,,7.16
20_marzo_2026.pdf,mar,3,11,6.4,,7.28
20_marzo_2026.pdf,mar,3,12,6.4,,7.28
20_marzo_2026.pdf,mar,3,13,6.4,,7.46
20_marzo_2026.pdf,mar,3,14,6.4,,7.46
20_marzo_2026.pdf,mar,3,15,6.4,,7.46
20_marzo_2026.pdf,mar,3,16,6.4,,7.75
20_marzo_2026.pdf,mar,3,17,6.4,,7.75
20_marzo_2026.pdf,mar,3,18,6.4,,7.75
20_marzo_2026.pdf,mar,3,19,6.45,,7.75
20_marzo_2026.pdf,mar,3,7,89620.0,100591.0,23427.0
20_marzo_2026.pdf,mar,3,8,80512.0,100759.0,33177.0
20_marzo_2026.pdf,mar,3,9,87949.0,15275.0,0.0
20_marzo_2026.pdf,mar,3,10,134435.0,102960.0,10226.0
20_marzo_2026.pdf,mar,3,11,141640.0,16462.0,0.0
20_marzo_2026.pdf,mar,3,12,140201.0,29539.0,20033.0
20_marzo_2026.pdf,mar,3,13,100686.0,44402.0,34506.0
20_marzo_2026.pdf,mar,3,14,132305.0,44702.0,10957.0
20_marzo_2026.pdf,mar,3,15,26409.0,0.0,0.0
20_marzo_2026.pdf,mar,3,16,105716.0,160087.0,49515.0
20_marzo_2026.pdf,mar,3,17,124385.0,61464.0,6938.0
20_marzo_2026.pdf,mar,3,18,149386.0,82572.0,4805.0
20_marzo_2026.pdf,mar,3,19,87790.0,76524.0,16921.0
20_marzo_2026.pdf,mar,3,20,0.0,,
20_marzo_2026.pdf,mar,3,4,5.8,,6.08
20_marzo_2026.pdf,mar,3,5,5.74,,6.08
20_marzo_2026.pdf,mar,3,6,5.92,,6.08
20_marzo_2026.pdf,mar,3,7,6.29,,6.08
20_marzo_2026.pdf,mar,3,8,6.03,,6.08
20_marzo_2026.pdf,mar,3,9,5.81,,5.97
20_marzo_2026.pdf,mar,3,10,6.4,,6.12
20_marzo_2026.pdf,mar,3,11,6.19,5.8,6.27
20_marzo_2026.pdf,mar,3,12,6.66,5.85,6.38
20_marzo_2026.pdf,mar,3,13,6.69,,6.2
20_marzo_2026.pdf,mar,3,14,7.12,5.85,6.09
20_marzo_2026.pdf,mar,3,15,6.31,,6.38
20_marzo_2026.pdf,mar,3,16,6.49,6.0,6.12
20_marzo_2026.pdf,mar,3,17,6.67,5.78,6.68
20_marzo_2026.pdf,mar,3,18,6.53,5.8,6.27
20_marzo_2026.pdf,mar,3,19,6.39,,6.27
20_noviembre_2025.pdf,nov,11,7,4.73,,6.37
20_noviembre_2025.pdf,nov,11,8,4.73,,6.37
20_noviembre_2025.pdf,nov,11,9,4.73,,6.37
20_noviembre_2025.pdf,nov,11,10,4.73,,6.25
20_noviembre_2025.pdf,nov,11,11,4.7,,6.25
20_noviembre_2025.pdf,nov,11,12,4.63,,6.23
20_noviembre_2025.pdf,nov,11,13,4.58,,6.23
20_noviembre_2025.pdf,nov,11,14,4.55,,6.15
20_noviembre_2025.pdf,nov,11,15,4.53,,6.15
20_noviembre_2025.pdf,nov,11,16,4.53,,6.15
20_noviembre_2025.pdf,nov,11,17,4.48,,6.09
20_noviembre_2025.pdf,nov,11,18,4.82,,6.09
20_noviembre_2025.pdf,nov,11,19,4.82,,6.28
20_noviembre_2025.pdf,nov,11,7,115469.0,72719.0,9765.0
20_noviembre_2025.pdf,nov,11,8,86793.0,63589.0,12949.0
20_noviembre_2025.pdf,nov,11,9,26729.0,0.0,0.0
20_noviembre_2025.pdf,nov,11,10,116609.0,60996.0,60749.0
20_noviembre_2025.pdf,nov,11,11,117139.0,78737.0,24676.0
20_noviembre_2025.pdf,nov,11,12,140531.0,90442.0,14744.0
20_noviembre_2025.pdf,nov,11,13,107309.0,54030.0,34611.0
20_noviembre_2025.pdf,nov,11,14,48989.0,65596.0,18144.0
20_noviembre_2025.pdf,nov,11,15,95599.0,60732.0,18132.0
20_noviembre_2025.pdf,nov,11,16,35486.0,0.0,0.0
20_noviembre_2025.pdf,nov,11,17,181239.0,107313.0,66008.0
20_noviembre_2025.pdf,nov,11,18,191152.0,139424.0,16864.0
20_noviembre_2025.pdf,nov,11,19,141224.0,94832.0,23463.0
20_noviembre_2025.pdf,nov,11,20,,,
20_noviembre_2025.pdf,nov,11,4,4.86,4.4,4.55
20_noviembre_2025.pdf,nov,11,5,4.74,,4.55
20_noviembre_2025.pdf,nov,11,6,4.92,4.2,4.55
20_noviembre_2025.pdf,nov,11,7,4.59,3.9,4.55
20_noviembre_2025.pdf,nov,11,8,4.91,3.9,4.55
20_noviembre_2025.pdf,nov,11,9,4.26,,4.55
20_noviembre_2025.pdf,nov,11,10,4.34,3.8,4.55
20_noviembre_2025.pdf,nov,11,11,4.34,3.7,4.55
20_noviembre_2025.pdf,nov,11,12,4.29,3.7,4.53
20_noviembre_2025.pdf,nov,11,13,4.15,3.7,4.53
20_noviembre_2025.pdf,nov,11,14,4.61,3.7,4.53
20_noviembre_2025.pdf,nov,11,15,4.61,3.7,4.53
20_noviembre_2025.pdf,nov,11,16,3.65,,4.53
20_noviembre_2025.pdf,nov,11,17,4.17,3.7,4.53
20_noviembre_2025.pdf,nov,11,18,4.17,3.9,4.53
20_noviembre_2025.pdf,nov,11,19,4.34,4.0,4.53
20_octubre_2025.pdf,oct,10,7,4.8,,6.27
20_octubre_2025.pdf,oct,10,8,4.8,,6.27
20_octubre_2025.pdf,oct,10,9,4.75,,6.27
20_octubre_2025.pdf,oct,10,10,4.65,,6.13
20_octubre_2025.pdf,oct,10,11,4.63,,6.13
20_octubre_2025.pdf,oct,10,12,4.63,,6.13
20_octubre_2025.pdf,oct,10,13,4.63,,6.04
20_octubre_2025.pdf,oct,10,14,4.63,,6.04
20_octubre_2025.pdf,oct,10,15,4.6,,5.82
20_octubre_2025.pdf,oct,10,16,4.6,,5.82
20_octubre_2025.pdf,oct,10,17,4.58,,5.93
20_octubre_2025.pdf,oct,10,18,4.58,,5.93
20_octubre_2025.pdf,oct,10,19,4.58,,5.93
20_octubre_2025.pdf,oct,10,7,140895.0,48874.0,14515.0
20_octubre_2025.pdf,oct,10,8,102140.0,49520.0,11147.0
20_octubre_2025.pdf,oct,10,9,144478.0,133693.0,28240.0
20_octubre_2025.pdf,oct,10,10,129517.0,105060.0,22350.0
20_octubre_2025.pdf,oct,10,11,65311.0,78296.0,24979.0
20_octubre_2025.pdf,oct,10,12,45627.0,0.0,0.0
20_octubre_2025.pdf,oct,10,13,133758.0,153439.0,49808.0
20_octubre_2025.pdf,oct,10,14,156320.0,90458.0,10150.0
20_octubre_2025.pdf,oct,10,15,119428.0,112073.0,17665.0
20_octubre_2025.pdf,oct,10,16,124307.0,94781.0,28241.0
20_octubre_2025.pdf,oct,10,17,129815.0,87751.0,24652.0
20_octubre_2025.pdf,oct,10,18,129292.0,76806.0,23914.0
20_octubre_2025.pdf,oct,10,19,44368.0,39950.0,0.0
20_octubre_2025.pdf,oct,10,20,,,
20_octubre_2025.pdf,oct,10,4,5.18,4.3,5.0
20_octubre_2025.pdf,oct,10,5,4.06,,5.0
20_octubre_2025.pdf,oct,10,6,4.36,,4.2
20_octubre_2025.pdf,oct,10,7,4.37,4.1,5.0
20_octubre_2025.pdf,oct,10,8,4.4,4.1,5.0
20_octubre_2025.pdf,oct,10,9,4.25,4.2,5.0
20_octubre_2025.pdf,oct,10,10,4.28,4.1,4.7
20_octubre_2025.pdf,oct,10,11,4.62,4.1,4.7
20_octubre_2025.pdf,oct,10,12,3.87,,4.7
20_octubre_2025.pdf,oct,10,13,4.23,4.1,4.7
20_octubre_2025.pdf,oct,10,14,4.3,4.1,4.6
20_octubre_2025.pdf,oct,10,15,4.33,4.0,4.45
20_octubre_2025.pdf,oct,10,16,4.34,4.0,4.45
20_octubre_2025.pdf,oct,10,17,4.38,4.0,4.45
20_octubre_2025.pdf,oct,10,18,4.81,4.1,4.45
20_octubre_2025.pdf,oct,10,19,3.95,,4.45
21_abril_2026.pdf,abr,4,8,6.08,,7.15
21_abril_2026.pdf,abr,4,9,6.2,,7.15
21_abril_2026.pdf,abr,4,10,6.25,,7.24
21_abril_2026.pdf,abr,4,11,6.25,,7.24
21_abril_2026.pdf,abr,4,12,6.25,,7.24
21_abril_2026.pdf,abr,4,13,6.25,,7.38
21_abril_2026.pdf,abr,4,14,6.25,,7.38
21_abril_2026.pdf,abr,4,15,6.25,,7.49
21_abril_2026.pdf,abr,4,16,6.23,,7.49
21_abril_2026.pdf,abr,4,17,6.23,,7.43
21_abril_2026.pdf,abr,4,18,6.23,,7.43
21_abril_2026.pdf,abr,4,19,6.23,,7.43
21_abril_2026.pdf,abr,4,20,6.15,,7.44
21_abril_2026.pdf,abr,4,8,99192.0,56747.0,20459.0
21_abril_2026.pdf,abr,4,9,92371.0,48377.0,28095.0
21_abril_2026.pdf,abr,4,10,124160.0,63354.0,9709.0
21_abril_2026.pdf,abr,4,11,77101.0,65503.0,9770.0
21_abril_2026.pdf,abr,4,12,21221.0,0.0,0.0
21_abril_2026.pdf,abr,4,13,99533.0,94267.0,34383.0
21_abril_2026.pdf,abr,4,14,240073.0,126941.0,8554.0
21_abril_2026.pdf,abr,4,15,82298.0,54091.0,8761.0
21_abril_2026.pdf,abr,4,16,83496.0,35894.0,23535.0
21_abril_2026.pdf,abr,4,17,107284.0,70652.0,14556.0
21_abril_2026.pdf,abr,4,18,100437.0,65127.0,20421.0
21_abril_2026.pdf,abr,4,19,28155.0,0.0,0.0
21_abril_2026.pdf,abr,4,20,149288.0,127808.0,40762.0
21_abril_2026.pdf,abr,4,21,0.0,,
21_abril_2026.pdf,abr,4,5,5.47,,6.48
21_abril_2026.pdf,abr,4,6,5.79,,6.48
21_abril_2026.pdf,abr,4,7,6.1,5.35,6.48
21_abril_2026.pdf,abr,4,8,6.15,,6.48
21_abril_2026.pdf,abr,4,9,6.29,,6.48
21_abril_2026.pdf,abr,4,10,6.37,5.8,6.48
21_abril_2026.pdf,abr,4,11,6.81,,6.48
21_abril_2026.pdf,abr,4,12,6.06,,6.48
21_abril_2026.pdf,abr,4,13,6.25,,6.48
21_abril_2026.pdf,abr,4,14,6.36,5.75,6.1
21_abril_2026.pdf,abr,4,15,6.31,,6.48
21_abril_2026.pdf,abr,4,16,6.13,,6.48
21_abril_2026.pdf,abr,4,17,6.06,5.4,6.48
21_abril_2026.pdf,abr,4,18,6.39,,6.48
21_abril_2026.pdf,abr,4,19,5.61,,6.48
21_abril_2026.pdf,abr,4,20,6.01,,5.8
21_enero_2026.pdf,ene,1,8,4.13,,
21_enero_2026.pdf,ene,1,9,4.0,,
21_enero_2026.pdf,ene,1,10,3.95,,
21_enero_2026.pdf,ene,1,11,3.95,,
21_enero_2026.pdf,ene,1,12,3.93,,
21_enero_2026.pdf,ene,1,13,3.95,,
21_enero_2026.pdf,ene,1,14,3.95,,
21_enero_2026.pdf,ene,1,15,3.9,,
21_enero_2026.pdf,ene,1,16,3.88,,
21_enero_2026.pdf,ene,1,17,3.88,,
21_enero_2026.pdf,ene,1,18,3.88,,
21_enero_2026.pdf,ene,1,19,3.88,,
21_enero_2026.pdf,ene,1,20,3.88,,
21_enero_2026.pdf,ene,1,8,87107.0,72740.0,23360.0
21_enero_2026.pdf,ene,1,9,97815.0,132123.0,6572.0
21_enero_2026.pdf,ene,1,10,99138.0,88362.0,26020.0
21_enero_2026.pdf,ene,1,11,37230.0,0.0,0.0
21_enero_2026.pdf,ene,1,12,102956.0,123295.0,37069.0
21_enero_2026.pdf,ene,1,13,134284.0,115941.0,14602.0
21_enero_2026.pdf,ene,1,14,80678.0,74169.0,7689.0
21_enero_2026.pdf,ene,1,15,87203.0,52603.0,19402.0
21_enero_2026.pdf,ene,1,16,85933.0,79502.0,18164.0
21_enero_2026.pdf,ene,1,17,90502.0,71185.0,14207.0
21_enero_2026.pdf,ene,1,18,22935.0,0.0,0.0
21_enero_2026.pdf,ene,1,19,97813.0,138193.0,30214.0
21_enero_2026.pdf,ene,1,20,103100.0,87322.0,9064.0
21_enero_2026.pdf,ene,1,21,,,
21_enero_2026.pdf,ene,1,5,4.15,,4.03
21_enero_2026.pdf,ene,1,6,4.23,,4.0
21_enero_2026.pdf,ene,1,7,4.07,,3.9
21_enero_2026.pdf,ene,1,8,3.75,,3.77
21_enero_2026.pdf,ene,1,9,3.63,,3.65
21_enero_2026.pdf,ene,1,10,4.56,,4.03
21_enero_2026.pdf,ene,1,11,3.39,,4.03
21_enero_2026.pdf,ene,1,12,3.74,,4.03
21_enero_2026.pdf,ene,1,13,3.76,,4.08
21_enero_2026.pdf,ene,1,14,3.86,,4.08
21_enero_2026.pdf,ene,1,15,3.99,,4.08
21_enero_2026.pdf,ene,1,16,3.96,,4.08
21_enero_2026.pdf,ene,1,17,4.58,,4.08
21_enero_2026.pdf,ene,1,18,3.73,,4.08
21_enero_2026.pdf,ene,1,19,3.58,,4.08
21_enero_2026.pdf,ene,1,20,3.9,,3.6
21_noviembre_2025.pdf,nov,11,8,4.73,,6.37
21_noviembre_2025.pdf,nov,11,9,4.73,,6.37
21_noviembre_2025.pdf,nov,11,10,4.73,,6.25
21_noviembre_2025.pdf,nov,11,11,4.7,,6.25
21_noviembre_2025.pdf,nov,11,12,4.63,,6.23
21_noviembre_2025.pdf,nov,11,13,4.58,,6.23
21_noviembre_2025.pdf,nov,11,14,4.55,,6.15
21_noviembre_2025.pdf,nov,11,15,4.53,,6.15
21_noviembre_2025.pdf,nov,11,16,4.53,,6.15
21_noviembre_2025.pdf,nov,11,17,4.48,,6.09
21_noviembre_2025.pdf,nov,11,18,4.82,,6.09
21_noviembre_2025.pdf,nov,11,19,4.82,,6.28
21_noviembre_2025.pdf,nov,11,20,4.63,,6.28
21_noviembre_2025.pdf,nov,11,8,86793.0,63589.0,12949.0
21_noviembre_2025.pdf,nov,11,9,26729.0,0.0,0.0
21_noviembre_2025.pdf,nov,11,10,116609.0,60996.0,60749.0
21_noviembre_2025.pdf,nov,11,11,117139.0,78737.0,24676.0
21_noviembre_2025.pdf,nov,11,12,140531.0,90442.0,14744.0
21_noviembre_2025.pdf,nov,11,13,107309.0,54030.0,34611.0
21_noviembre_2025.pdf,nov,11,14,48989.0,65596.0,18144.0
21_noviembre_2025.pdf,nov,11,15,95599.0,60732.0,18132.0
21_noviembre_2025.pdf,nov,11,16,35486.0,0.0,0.0
21_noviembre_2025.pdf,nov,11,17,181239.0,107313.0,66008.0
21_noviembre_2025.pdf,nov,11,18,191152.0,139424.0,16864.0
21_noviembre_2025.pdf,nov,11,19,141224.0,94832.0,23463.0
21_noviembre_2025.pdf,nov,11,20,102537.0,98711.0,9996.0
21_noviembre_2025.pdf,nov,11,21,,,
21_noviembre_2025.pdf,nov,11,5,4.74,,4.55
21_noviembre_2025.pdf,nov,11,6,4.92,4.2,4.55
21_noviembre_2025.pdf,nov,11,7,4.59,3.9,4.55
21_noviembre_2025.pdf,nov,11,8,4.91,3.9,4.55
21_noviembre_2025.pdf,nov,11,9,4.26,,4.55
21_noviembre_2025.pdf,nov,11,10,4.34,3.8,4.55
21_noviembre_2025.pdf,nov,11,11,4.34,3.7,4.55
21_noviembre_2025.pdf,nov,11,12,4.29,3.7,4.53
21_noviembre_2025.pdf,nov,11,13,4.15,3.7,4.53
21_noviembre_2025.pdf,nov,11,14,4.61,3.7,4.53
21_noviembre_2025.pdf,nov,11,15,4.61,3.7,4.53
21_noviembre_2025.pdf,nov,11,16,3.65,,4.53
21_noviembre_2025.pdf,nov,11,17,4.17,3.7,4.53
21_noviembre_2025.pdf,nov,11,18,4.17,3.9,4.53
21_noviembre_2025.pdf,nov,11,19,4.34,4.0,4.53
21_noviembre_2025.pdf,nov,11,20,4.39,,4.53
21_octubre_2025.pdf,oct,10,8,4.8,,6.27
21_octubre_2025.pdf,oct,10,9,4.75,,6.27
21_octubre_2025.pdf,oct,10,10,4.65,,6.13
21_octubre_2025.pdf,oct,10,11,4.63,,6.13
21_octubre_2025.pdf,oct,10,12,4.63,,6.13
21_octubre_2025.pdf,oct,10,13,4.63,,6.04
21_octubre_2025.pdf,oct,10,14,4.63,,6.04
21_octubre_2025.pdf,oct,10,15,4.6,,5.82
21_octubre_2025.pdf,oct,10,16,4.6,,5.82
21_octubre_2025.pdf,oct,10,17,4.58,,5.93
21_octubre_2025.pdf,oct,10,18,4.58,,5.93
21_octubre_2025.pdf,oct,10,19,4.58,,5.93
21_octubre_2025.pdf,oct,10,20,4.58,,5.74
21_octubre_2025.pdf,oct,10,8,102140.0,49520.0,11147.0
21_octubre_2025.pdf,oct,10,9,144478.0,133693.0,28240.0
21_octubre_2025.pdf,oct,10,10,129517.0,105060.0,22350.0
21_octubre_2025.pdf,oct,10,11,65311.0,78296.0,24979.0
21_octubre_2025.pdf,oct,10,12,45627.0,0.0,0.0
21_octubre_2025.pdf,oct,10,13,133758.0,153439.0,49808.0
21_octubre_2025.pdf,oct,10,14,156320.0,90458.0,10150.0
21_octubre_2025.pdf,oct,10,15,119428.0,112073.0,17665.0
21_octubre_2025.pdf,oct,10,16,124307.0,94781.0,28241.0
21_octubre_2025.pdf,oct,10,17,129815.0,87751.0,24652.0
21_octubre_2025.pdf,oct,10,18,129292.0,76806.0,23914.0
21_octubre_2025.pdf,oct,10,19,44368.0,39950.0,0.0
21_octubre_2025.pdf,oct,10,20,125346.0,161282.0,65434.0
21_octubre_2025.pdf,oct,10,21,,,
21_octubre_2025.pdf,oct,10,5,4.06,,5.0
21_octubre_2025.pdf,oct,10,6,4.36,,4.2
21_octubre_2025.pdf,oct,10,7,4.37,4.1,5.0
21_octubre_2025.pdf,oct,10,8,4.4,4.1,5.0
21_octubre_2025.pdf,oct,10,9,4.25,4.2,5.0
21_octubre_2025.pdf,oct,10,10,4.28,4.1,4.7
21_octubre_2025.pdf,oct,10,11,4.62,4.1,4.7
21_octubre_2025.pdf,oct,10,12,3.87,,4.7
21_octubre_2025.pdf,oct,10,13,4.23,4.1,4.7
21_octubre_2025.pdf,oct,10,14,4.3,4.1,4.6
21_octubre_2025.pdf,oct,10,15,4.33,4.0,4.45
21_octubre_2025.pdf,oct,10,16,4.34,4.0,4.45
21_octubre_2025.pdf,oct,10,17,4.38,4.0,4.45
21_octubre_2025.pdf,oct,10,18,4.81,4.1,4.45
21_octubre_2025.pdf,oct,10,19,3.95,,4.45
21_octubre_2025.pdf,oct,10,20,4.36,4.1,4.45
22_abril_2026.pdf,abr,4,9,6.2,,7.15
22_abril_2026.pdf,abr,4,10,6.25,,7.24
22_abril_2026.pdf,abr,4,11,6.25,,7.24
22_abril_2026.pdf,abr,4,12,6.25,,7.24
22_abril_2026.pdf,abr,4,13,6.25,,7.38
22_abril_2026.pdf,abr,4,14,6.25,,7.38
22_abril_2026.pdf,abr,4,15,6.25,,7.49
22_abril_2026.pdf,abr,4,16,6.23,,7.49
22_abril_2026.pdf,abr,4,17,6.23,,7.43
22_abril_2026.pdf,abr,4,18,6.23,,7.43
22_abril_2026.pdf,abr,4,19,6.23,,7.43
22_abril_2026.pdf,abr,4,20,6.15,,7.44
22_abril_2026.pdf,abr,4,21,6.15,,7.44
22_abril_2026.pdf,abr,4,9,92371.0,48377.0,28095.0
22_abril_2026.pdf,abr,4,10,124160.0,63354.0,9709.0
22_abril_2026.pdf,abr,4,11,77101.0,65503.0,9770.0
22_abril_2026.pdf,abr,4,12,21221.0,0.0,0.0
22_abril_2026.pdf,abr,4,13,99533.0,94267.0,34383.0
22_abril_2026.pdf,abr,4,14,240073.0,126941.0,8554.0
22_abril_2026.pdf,abr,4,15,82298.0,54091.0,8761.0
22_abril_2026.pdf,abr,4,16,83496.0,35894.0,23535.0
22_abril_2026.pdf,abr,4,17,107284.0,70652.0,14556.0
22_abril_2026.pdf,abr,4,18,100437.0,65127.0,20421.0
22_abril_2026.pdf,abr,4,19,28155.0,0.0,0.0
22_abril_2026.pdf,abr,4,20,149288.0,127808.0,40762.0
22_abril_2026.pdf,abr,4,21,136093.0,121187.0,6215.0
22_abril_2026.pdf,abr,4,22,,,
22_abril_2026.pdf,abr,4,6,5.79,,6.48
22_abril_2026.pdf,abr,4,7,6.1,5.35,6.48
22_abril_2026.pdf,abr,4,8,6.15,,6.48
22_abril_2026.pdf,abr,4,9,6.29,,6.48
22_abril_2026.pdf,abr,4,10,6.37,5.8,6.48
22_abril_2026.pdf,abr,4,11,6.81,,6.48
22_abril_2026.pdf,abr,4,12,6.06,,6.48
22_abril_2026.pdf,abr,4,13,6.25,,6.48
22_abril_2026.pdf,abr,4,14,6.36,5.75,6.1
22_abril_2026.pdf,abr,4,15,6.31,,6.48
22_abril_2026.pdf,abr,4,16,6.13,,6.48
22_abril_2026.pdf,abr,4,17,6.06,5.4,6.48
22_abril_2026.pdf,abr,4,18,6.39,,6.48
22_abril_2026.pdf,abr,4,19,5.61,,6.48
22_abril_2026.pdf,abr,4,20,6.01,,5.8
22_abril_2026.pdf,abr,4,21,5.88,5.25,5.8
22_diciembre_2025.pdf,dic,12,9,5.73,,6.79
22_diciembre_2025.pdf,dic,12,10,5.68,,6.86
22_diciembre_2025.pdf,dic,12,11,5.58,,6.86
22_diciembre_2025.pdf,dic,12,12,5.5,,6.86
22_diciembre_2025.pdf,dic,12,13,5.5,,6.86
22_diciembre_2025.pdf,dic,12,14,5.5,,6.86
22_diciembre_2025.pdf,dic,12,15,5.2,,6.87
22_diciembre_2025.pdf,dic,12,16,5.2,,6.87
22_diciembre_2025.pdf,dic,12,17,4.9,,6.75
22_diciembre_2025.pdf,dic,12,18,4.7,,6.75
22_diciembre_2025.pdf,dic,12,19,4.53,,6.56
22_diciembre_2025.pdf,dic,12,20,4.33,,6.56
22_diciembre_2025.pdf,dic,12,21,4.33,,6.56
22_diciembre_2025.pdf,dic,12,9,46514.0,94330.0,6935.0
22_diciembre_2025.pdf,dic,12,10,148769.0,58624.0,14182.0
22_diciembre_2025.pdf,dic,12,11,100961.0,72682.0,26586.0
22_diciembre_2025.pdf,dic,12,12,68884.0,0.0,0.0
22_diciembre_2025.pdf,dic,12,13,107791.0,54667.0,6089.0
22_diciembre_2025.pdf,dic,12,14,22236.0,0.0,0.0
22_diciembre_2025.pdf,dic,12,15,118019.0,72182.0,35878.0
22_diciembre_2025.pdf,dic,12,16,123310.0,53334.0,10522.0
22_diciembre_2025.pdf,dic,12,17,53046.0,0.0,0.0
22_diciembre_2025.pdf,dic,12,18,68636.0,40584.0,28311.0
22_diciembre_2025.pdf,dic,12,19,38720.0,0.0,0.0
22_diciembre_2025.pdf,dic,12,20,25514.0,0.0,0.0
22_diciembre_2025.pdf,dic,12,21,21493.0,0.0,0.0
22_diciembre_2025.pdf,dic,12,22,,,
22_diciembre_2025.pdf,dic,12,6,5.99,5.1,4.8
22_diciembre_2025.pdf,dic,12,7,5.39,,4.8
22_diciembre_2025.pdf,dic,12,8,5.73,4.8,4.23
22_diciembre_2025.pdf,dic,12,9,5.18,4.6,4.8
22_diciembre_2025.pdf,dic,12,10,5.28,4.4,4.23
22_diciembre_2025.pdf,dic,12,11,5.04,4.1,6.73
22_diciembre_2025.pdf,dic,12,12,4.49,3.8,6.23
22_diciembre_2025.pdf,dic,12,13,5.47,3.8,6.23
22_diciembre_2025.pdf,dic,12,14,4.26,,6.23
22_diciembre_2025.pdf,dic,12,15,4.86,3.4,6.23
22_diciembre_2025.pdf,dic,12,16,4.39,3.4,6.23
22_diciembre_2025.pdf,dic,12,17,3.76,3.1,6.23
22_diciembre_2025.pdf,dic,12,18,4.07,,5.13
22_diciembre_2025.pdf,dic,12,19,3.47,,5.13
22_diciembre_2025.pdf,dic,12,20,5.13,,
22_diciembre_2025.pdf,dic,12,21,3.82,,5.13
22_enero_2026.pdf,ene,1,9,4.0,,
22_enero_2026.pdf,ene,1,10,3.95,,
22_enero_2026.pdf,ene,1,11,3.95,,
22_enero_2026.pdf,ene,1,12,3.93,,
22_enero_2026.pdf,ene,1,13,3.95,,
22_enero_2026.pdf,ene,1,14,3.95,,
22_enero_2026.pdf,ene,1,15,3.9,,
22_enero_2026.pdf,ene,1,16,3.88,,
22_enero_2026.pdf,ene,1,17,3.88,,
22_enero_2026.pdf,ene,1,18,3.88,,
22_enero_2026.pdf,ene,1,19,3.88,,
22_enero_2026.pdf,ene,1,20,3.88,,
22_enero_2026.pdf,ene,1,21,3.88,,
22_enero_2026.pdf,ene,1,9,97815.0,132123.0,6572.0
22_enero_2026.pdf,ene,1,10,99138.0,88362.0,26020.0
22_enero_2026.pdf,ene,1,11,37230.0,0.0,0.0
22_enero_2026.pdf,ene,1,12,102956.0,123295.0,37069.0
22_enero_2026.pdf,ene,1,13,134284.0,115941.0,14602.0
22_enero_2026.pdf,ene,1,14,80678.0,74169.0,7689.0
22_enero_2026.pdf,ene,1,15,87203.0,52603.0,19402.0
22_enero_2026.pdf,ene,1,16,85933.0,79502.0,18164.0
22_enero_2026.pdf,ene,1,17,90502.0,71185.0,14207.0
22_enero_2026.pdf,ene,1,18,22935.0,0.0,0.0
22_enero_2026.pdf,ene,1,19,97813.0,138193.0,30214.0
22_enero_2026.pdf,ene,1,20,103100.0,87322.0,9064.0
22_enero_2026.pdf,ene,1,21,104238.0,74992.0,11523.0
22_enero_2026.pdf,ene,1,22,,,
22_enero_2026.pdf,ene,1,6,4.23,,4.0
22_enero_2026.pdf,ene,1,7,4.07,,3.9
22_enero_2026.pdf,ene,1,8,3.75,,3.77
22_enero_2026.pdf,ene,1,9,3.63,,3.65
22_enero_2026.pdf,ene,1,10,4.56,,4.03
22_enero_2026.pdf,ene,1,11,3.39,,4.03
22_enero_2026.pdf,ene,1,12,3.74,,4.03
22_enero_2026.pdf,ene,1,13,3.76,,4.08
22_enero_2026.pdf,ene,1,14,3.86,,4.08
22_enero_2026.pdf,ene,1,15,3.99,,4.08
22_enero_2026.pdf,ene,1,16,3.96,,4.08
22_enero_2026.pdf,ene,1,17,4.58,,4.08
22_enero_2026.pdf,ene,1,18,3.73,,4.08
22_enero_2026.pdf,ene,1,19,3.58,,4.08
22_enero_2026.pdf,ene,1,20,3.9,,3.6
22_enero_2026.pdf,ene,1,21,3.79,,3.98
22_octubre_2025.pdf,oct,10,9,4.75,,6.27
22_octubre_2025.pdf,oct,10,10,4.65,,6.13
22_octubre_2025.pdf,oct,10,11,4.63,,6.13
22_octubre_2025.pdf,oct,10,12,4.63,,6.13
22_octubre_2025.pdf,oct,10,13,4.63,,6.04
22_octubre_2025.pdf,oct,10,14,4.63,,6.04
22_octubre_2025.pdf,oct,10,15,4.6,,5.82
22_octubre_2025.pdf,oct,10,16,4.6,,5.82
22_octubre_2025.pdf,oct,10,17,4.58,,5.93
22_octubre_2025.pdf,oct,10,18,4.58,,5.93
22_octubre_2025.pdf,oct,10,19,4.58,,5.93
22_octubre_2025.pdf,oct,10,20,4.58,,5.74
22_octubre_2025.pdf,oct,10,21,4.68,,5.74
22_octubre_2025.pdf,oct,10,9,144478.0,133693.0,28240.0
22_octubre_2025.pdf,oct,10,10,129517.0,105060.0,22350.0
22_octubre_2025.pdf,oct,10,11,65311.0,78296.0,24979.0
22_octubre_2025.pdf,oct,10,12,45627.0,0.0,0.0
22_octubre_2025.pdf,oct,10,13,133758.0,153439.0,49808.0
22_octubre_2025.pdf,oct,10,14,156320.0,90458.0,10150.0
22_octubre_2025.pdf,oct,10,15,119428.0,112073.0,17665.0
22_octubre_2025.pdf,oct,10,16,124307.0,94781.0,28241.0
22_octubre_2025.pdf,oct,10,17,129815.0,87751.0,24652.0
22_octubre_2025.pdf,oct,10,18,129292.0,76806.0,23914.0
22_octubre_2025.pdf,oct,10,19,44368.0,39950.0,0.0
22_octubre_2025.pdf,oct,10,20,125346.0,161282.0,65434.0
22_octubre_2025.pdf,oct,10,21,149528.0,123730.0,10919.0
22_octubre_2025.pdf,oct,10,22,,,
22_octubre_2025.pdf,oct,10,6,4.36,,4.2
22_octubre_2025.pdf,oct,10,7,4.37,4.1,5.0
22_octubre_2025.pdf,oct,10,8,4.4,4.1,5.0
22_octubre_2025.pdf,oct,10,9,4.25,4.2,5.0
22_octubre_2025.pdf,oct,10,10,4.28,4.1,4.7
22_octubre_2025.pdf,oct,10,11,4.62,4.1,4.7
22_octubre_2025.pdf,oct,10,12,3.87,,4.7
22_octubre_2025.pdf,oct,10,13,4.23,4.1,4.7
22_octubre_2025.pdf,oct,10,14,4.3,4.1,4.6
22_octubre_2025.pdf,oct,10,15,4.33,4.0,4.45
22_octubre_2025.pdf,oct,10,16,4.34,4.0,4.45
22_octubre_2025.pdf,oct,10,17,4.38,4.0,4.45
22_octubre_2025.pdf,oct,10,18,4.81,4.1,4.45
22_octubre_2025.pdf,oct,10,19,3.95,,4.45
22_octubre_2025.pdf,oct,10,20,4.36,4.1,4.45
22_octubre_2025.pdf,oct,10,21,4.99,4.1,4.45
23_enero_2026.pdf,ene,1,10,3.95,,
23_enero_2026.pdf,ene,1,11,3.95,,
23_enero_2026.pdf,ene,1,12,3.93,,
23_enero_2026.pdf,ene,1,13,3.95,,
23_enero_2026.pdf,ene,1,14,3.95,,
23_enero_2026.pdf,ene,1,15,3.9,,
23_enero_2026.pdf,ene,1,16,3.88,,
23_enero_2026.pdf,ene,1,17,3.88,,
23_enero_2026.pdf,ene,1,18,3.88,,
23_enero_2026.pdf,ene,1,19,3.88,,
23_enero_2026.pdf,ene,1,20,3.88,,
23_enero_2026.pdf,ene,1,21,3.88,,
23_enero_2026.pdf,ene,1,22,3.88,,
23_enero_2026.pdf,ene,1,10,99138.0,88362.0,26020.0
23_enero_2026.pdf,ene,1,11,37230.0,0.0,0.0
23_enero_2026.pdf,ene,1,12,102956.0,123295.0,37069.0
23_enero_2026.pdf,ene,1,13,134284.0,115941.0,14602.0
23_enero_2026.pdf,ene,1,14,80678.0,74169.0,7689.0
23_enero_2026.pdf,ene,1,15,87203.0,52603.0,19402.0
23_enero_2026.pdf,ene,1,16,85933.0,79502.0,18164.0
23_enero_2026.pdf,ene,1,17,90502.0,71185.0,14207.0
23_enero_2026.pdf,ene,1,18,22935.0,0.0,0.0
23_enero_2026.pdf,ene,1,19,97813.0,138193.0,30214.0
23_enero_2026.pdf,ene,1,20,103100.0,87322.0,9064.0
23_enero_2026.pdf,ene,1,21,104238.0,74992.0,11523.0
23_enero_2026.pdf,ene,1,22,88922.0,67955.0,23264.0
23_enero_2026.pdf,ene,1,23,,,
23_enero_2026.pdf,ene,1,7,4.07,,3.9
23_enero_2026.pdf,ene,1,8,3.75,,3.77
23_enero_2026.pdf,ene,1,9,3.63,,3.65
23_enero_2026.pdf,ene,1,10,4.56,,4.03
23_enero_2026.pdf,ene,1,11,3.39,,4.03
23_enero_2026.pdf,ene,1,12,3.74,,4.03
23_enero_2026.pdf,ene,1,13,3.76,,4.08
23_enero_2026.pdf,ene,1,14,3.86,,4.08
23_enero_2026.pdf,ene,1,15,3.99,,4.08
23_enero_2026.pdf,ene,1,16,3.96,,4.08
23_enero_2026.pdf,ene,1,17,4.58,,4.08
23_enero_2026.pdf,ene,1,18,3.73,,4.08
23_enero_2026.pdf,ene,1,19,3.58,,4.08
23_enero_2026.pdf,ene,1,20,3.9,,3.6
23_enero_2026.pdf,ene,1,21,3.79,,3.98
23_enero_2026.pdf,ene,1,22,3.94,,3.98
23_febrero_2026.pdf,feb,2,10,6.28,,7.03
23_febrero_2026.pdf,feb,2,11,6.35,,7.16
23_febrero_2026.pdf,feb,2,12,6.25,,7.16
23_febrero_2026.pdf,feb,2,13,6.15,,7.23
23_febrero_2026.pdf,feb,2,14,6.15,,7.23
23_febrero_2026.pdf,feb,2,15,6.15,,7.23
23_febrero_2026.pdf,feb,2,16,6.1,,7.32
23_febrero_2026.pdf,feb,2,17,6.08,,7.32
23_febrero_2026.pdf,feb,2,18,5.95,,7.39
23_febrero_2026.pdf,feb,2,19,5.85,,7.39
23_febrero_2026.pdf,feb,2,20,5.78,,7.42
23_febrero_2026.pdf,feb,2,21,5.78,,
23_febrero_2026.pdf,feb,2,22,5.78,,
23_febrero_2026.pdf,feb,2,10,115681.0,60728.0,13209.0
23_febrero_2026.pdf,feb,2,11,101300.0,31005.0,14644.0
23_febrero_2026.pdf,feb,2,12,79849.0,48202.0,22986.0
23_febrero_2026.pdf,feb,2,13,93987.0,35670.0,6444.0
23_febrero_2026.pdf,feb,2,14,60325.0,20669.0,2413.0
23_febrero_2026.pdf,feb,2,15,318.0,0.0,0.0
23_febrero_2026.pdf,feb,2,16,97443.0,103696.0,8895.0
23_febrero_2026.pdf,feb,2,17,103452.0,101657.0,29905.0
23_febrero_2026.pdf,feb,2,18,88509.0,131158.0,15736.0
23_febrero_2026.pdf,feb,2,19,101021.0,67753.0,27406.0
23_febrero_2026.pdf,feb,2,20,66069.0,109072.0,12620.0
23_febrero_2026.pdf,feb,2,21,26893.0,0.0,0.0
23_febrero_2026.pdf,feb,2,22,52284.0,0.0,0.0
23_febrero_2026.pdf,feb,2,23,,,
23_febrero_2026.pdf,feb,2,7,6.31,,5.63
23_febrero_2026.pdf,feb,2,8,5.87,,5.63
23_febrero_2026.pdf,feb,2,9,6.15,,5.63
23_febrero_2026.pdf,feb,2,10,6.27,,5.63
23_febrero_2026.pdf,feb,2,11,6.26,,5.63
23_febrero_2026.pdf,feb,2,12,6.22,,5.63
23_febrero_2026.pdf,feb,2,13,6.11,,5.63
23_febrero_2026.pdf,feb,2,14,6.35,,5.63
23_febrero_2026.pdf,feb,2,15,5.63,,
23_febrero_2026.pdf,feb,2,16,6.18,,5.25
23_febrero_2026.pdf,feb,2,17,5.54,,5.65
23_febrero_2026.pdf,feb,2,18,5.59,,5.55
23_febrero_2026.pdf,feb,2,19,5.29,,6.33
23_febrero_2026.pdf,feb,2,20,5.77,,6.03
23_febrero_2026.pdf,feb,2,21,6.03,,
23_febrero_2026.pdf,feb,2,22,5.02,,6.03
23_marzo_2026.pdf,mar,3,10,6.33,,7.16
23_marzo_2026.pdf,mar,3,11,6.4,,7.28
23_marzo_2026.pdf,mar,3,12,6.4,,7.28
23_marzo_2026.pdf,mar,3,13,6.4,,7.46
23_marzo_2026.pdf,mar,3,14,6.4,,7.46
23_marzo_2026.pdf,mar,3,15,6.4,,7.46
23_marzo_2026.pdf,mar,3,16,6.4,,7.56
23_marzo_2026.pdf,mar,3,17,6.4,,7.56
23_marzo_2026.pdf,mar,3,18,6.4,,7.59
23_marzo_2026.pdf,mar,3,19,6.45,,7.59
23_marzo_2026.pdf,mar,3,20,6.4,,7.69
23_marzo_2026.pdf,mar,3,21,6.4,,7.69
23_marzo_2026.pdf,mar,3,22,6.4,,7.69
23_marzo_2026.pdf,mar,3,10,134435.0,102960.0,10226.0
23_marzo_2026.pdf,mar,3,11,141640.0,16462.0,0.0
23_marzo_2026.pdf,mar,3,12,140201.0,29539.0,20033.0
23_marzo_2026.pdf,mar,3,13,100686.0,44402.0,34506.0
23_marzo_2026.pdf,mar,3,14,132305.0,44702.0,10957.0
23_marzo_2026.pdf,mar,3,15,26409.0,0.0,0.0
23_marzo_2026.pdf,mar,3,16,105716.0,160087.0,49515.0
23_marzo_2026.pdf,mar,3,17,124385.0,61464.0,6938.0
23_marzo_2026.pdf,mar,3,18,149386.0,82572.0,4805.0
23_marzo_2026.pdf,mar,3,19,87790.0,76524.0,16921.0
23_marzo_2026.pdf,mar,3,20,118632.0,61890.0,13448.0
23_marzo_2026.pdf,mar,3,21,76631.0,34842.0,13826.0
23_marzo_2026.pdf,mar,3,22,30886.0,0.0,0.0
23_marzo_2026.pdf,mar,3,23,0.0,,
23_marzo_2026.pdf,mar,3,7,6.29,,6.08
23_marzo_2026.pdf,mar,3,8,6.03,,6.08
23_marzo_2026.pdf,mar,3,9,5.81,,5.97
23_marzo_2026.pdf,mar,3,10,6.4,,6.12
23_marzo_2026.pdf,mar,3,11,6.19,5.8,6.27
23_marzo_2026.pdf,mar,3,12,6.66,5.85,6.38
23_marzo_2026.pdf,mar,3,13,6.69,,6.2
23_marzo_2026.pdf,mar,3,14,7.12,5.85,6.09
23_marzo_2026.pdf,mar,3,15,6.31,,6.38
23_marzo_2026.pdf,mar,3,16,6.49,6.0,6.12
23_marzo_2026.pdf,mar,3,17,6.67,5.78,6.68
23_marzo_2026.pdf,mar,3,18,6.53,5.8,6.27
23_marzo_2026.pdf,mar,3,19,6.39,,6.27
23_marzo_2026.pdf,mar,3,20,6.3,5.57,6.68
23_marzo_2026.pdf,mar,3,21,6.71,,6.68
23_marzo_2026.pdf,mar,3,22,5.95,,
23_octubre_2025.pdf,oct,10,10,4.65,,6.13
23_octubre_2025.pdf,oct,10,11,4.63,,6.13
23_octubre_2025.pdf,oct,10,12,4.63,,6.13
23_octubre_2025.pdf,oct,10,13,4.63,,6.04
23_octubre_2025.pdf,oct,10,14,4.63,,6.04
23_octubre_2025.pdf,oct,10,15,4.6,,5.82
23_octubre_2025.pdf,oct,10,16,4.6,,5.82
23_octubre_2025.pdf,oct,10,17,4.58,,5.93
23_octubre_2025.pdf,oct,10,18,4.58,,5.93
23_octubre_2025.pdf,oct,10,19,4.58,,5.93
23_octubre_2025.pdf,oct,10,20,4.58,,5.89
23_octubre_2025.pdf,oct,10,21,4.68,,5.89
23_octubre_2025.pdf,oct,10,22,4.65,,5.89
23_octubre_2025.pdf,oct,10,10,129517.0,105060.0,22350.0
23_octubre_2025.pdf,oct,10,11,65311.0,78296.0,24979.0
23_octubre_2025.pdf,oct,10,12,45627.0,0.0,0.0
23_octubre_2025.pdf,oct,10,13,133758.0,153439.0,49808.0
23_octubre_2025.pdf,oct,10,14,156320.0,90458.0,10150.0
23_octubre_2025.pdf,oct,10,15,119428.0,112073.0,17665.0
23_octubre_2025.pdf,oct,10,16,124307.0,94781.0,28241.0
23_octubre_2025.pdf,oct,10,17,129815.0,87751.0,24652.0
23_octubre_2025.pdf,oct,10,18,129292.0,76806.0,23914.0
23_octubre_2025.pdf,oct,10,19,44368.0,39950.0,0.0
23_octubre_2025.pdf,oct,10,20,125346.0,161282.0,65434.0
23_octubre_2025.pdf,oct,10,21,149528.0,123730.0,10919.0
23_octubre_2025.pdf,oct,10,22,116639.0,108809.0,31824.0
23_octubre_2025.pdf,oct,10,23,,,
23_octubre_2025.pdf,oct,10,7,4.37,4.1,5.0
23_octubre_2025.pdf,oct,10,8,4.4,4.1,5.0
23_octubre_2025.pdf,oct,10,9,4.25,4.2,5.0
23_octubre_2025.pdf,oct,10,10,4.28,4.1,4.7
23_octubre_2025.pdf,oct,10,11,4.62,4.1,4.7
23_octubre_2025.pdf,oct,10,12,3.87,,4.7
23_octubre_2025.pdf,oct,10,13,4.23,4.1,4.7
23_octubre_2025.pdf,oct,10,14,4.3,4.1,4.6
23_octubre_2025.pdf,oct,10,15,4.33,4.0,4.45
23_octubre_2025.pdf,oct,10,16,4.34,4.0,4.45
23_octubre_2025.pdf,oct,10,17,4.38,4.0,4.45
23_octubre_2025.pdf,oct,10,18,4.81,4.1,4.45
23_octubre_2025.pdf,oct,10,19,3.95,,4.45
23_octubre_2025.pdf,oct,10,20,4.36,4.1,4.45
23_octubre_2025.pdf,oct,10,21,4.99,4.1,4.45
23_octubre_2025.pdf,oct,10,22,4.49,4.2,4.45
23_setiembre_2025.pdf,sep,9,10,5.25,,6.73
23_setiembre_2025.pdf,sep,9,11,5.25,,6.73
23_setiembre_2025.pdf,sep,9,12,5.25,,6.78
23_setiembre_2025.pdf,sep,9,13,5.23,,6.78
23_setiembre_2025.pdf,sep,9,14,5.23,,6.78
23_setiembre_2025.pdf,sep,9,15,5.28,,6.52
23_setiembre_2025.pdf,sep,9,16,5.28,,6.52
23_setiembre_2025.pdf,sep,9,17,5.28,,6.53
23_setiembre_2025.pdf,sep,9,18,5.3,,6.53
23_setiembre_2025.pdf,sep,9,19,5.38,,6.56
23_setiembre_2025.pdf,sep,9,20,5.38,,6.56
23_setiembre_2025.pdf,sep,9,21,5.38,,6.56
23_setiembre_2025.pdf,sep,9,22,5.38,,6.51
23_setiembre_2025.pdf,sep,9,10,152889.0,88778.0,11028.0
23_setiembre_2025.pdf,sep,9,11,113487.0,74382.0,4536.0
23_setiembre_2025.pdf,sep,9,12,64824.0,0.0,12096.0
23_setiembre_2025.pdf,sep,9,13,90027.0,84179.0,13974.0
23_setiembre_2025.pdf,sep,9,14,26398.0,27143.0,0.0
23_setiembre_2025.pdf,sep,9,15,132789.0,61377.0,61733.0
23_setiembre_2025.pdf,sep,9,16,143524.0,132560.0,20358.0
23_setiembre_2025.pdf,sep,9,17,132460.0,89203.0,10312.0
23_setiembre_2025.pdf,sep,9,18,109177.0,52134.0,32725.0
23_setiembre_2025.pdf,sep,9,19,90452.0,33229.0,18902.0
23_setiembre_2025.pdf,sep,9,20,91438.0,49520.0,7002.0
23_setiembre_2025.pdf,sep,9,21,32105.0,0.0,0.0
23_setiembre_2025.pdf,sep,9,22,145952.0,63812.0,39027.0
23_setiembre_2025.pdf,sep,9,23,,,
23_setiembre_2025.pdf,sep,9,7,4.9,,5.4
23_setiembre_2025.pdf,sep,9,8,5.02,4.5,5.4
23_setiembre_2025.pdf,sep,9,9,5.09,4.5,5.4
23_setiembre_2025.pdf,sep,9,10,5.05,,5.1
23_setiembre_2025.pdf,sep,9,11,5.03,4.7,5.1
23_setiembre_2025.pdf,sep,9,12,4.88,4.7,5.1
23_setiembre_2025.pdf,sep,9,13,5.11,4.7,5.1
23_setiembre_2025.pdf,sep,9,14,4.8,,5.1
23_setiembre_2025.pdf,sep,9,15,5.14,4.9,5.1
23_setiembre_2025.pdf,sep,9,16,5.29,4.9,5.1
23_setiembre_2025.pdf,sep,9,17,5.25,4.9,5.2
23_setiembre_2025.pdf,sep,9,18,5.25,4.9,5.2
23_setiembre_2025.pdf,sep,9,19,5.29,4.9,5.2
23_setiembre_2025.pdf,sep,9,20,5.56,4.9,5.2
23_setiembre_2025.pdf,sep,9,21,4.88,,5.3
23_setiembre_2025.pdf,sep,9,22,5.1,4.7,5.3
24_febrero_2026.pdf,feb,2,11,6.35,,7.16
24_febrero_2026.pdf,feb,2,12,6.25,,7.16
24_febrero_2026.pdf,feb,2,13,6.15,,7.23
24_febrero_2026.pdf,feb,2,14,6.15,,7.23
24_febrero_2026.pdf,feb,2,15,6.15,,7.23
24_febrero_2026.pdf,feb,2,16,6.1,,7.32
24_febrero_2026.pdf,feb,2,17,6.08,,7.32
24_febrero_2026.pdf,feb,2,18,5.95,,7.39
24_febrero_2026.pdf,feb,2,19,5.85,,7.39
24_febrero_2026.pdf,feb,2,20,5.78,,7.42
24_febrero_2026.pdf,feb,2,21,5.78,,7.42
24_febrero_2026.pdf,feb,2,22,5.78,,7.42
24_febrero_2026.pdf,feb,2,23,5.78,,6.99
24_febrero_2026.pdf,feb,2,11,101300.0,31005.0,14644.0
24_febrero_2026.pdf,feb,2,12,79849.0,48202.0,22986.0
24_febrero_2026.pdf,feb,2,13,93987.0,35670.0,6444.0
24_febrero_2026.pdf,feb,2,14,60325.0,20669.0,2413.0
24_febrero_2026.pdf,feb,2,15,318.0,0.0,0.0
24_febrero_2026.pdf,feb,2,16,97443.0,103696.0,8895.0
24_febrero_2026.pdf,feb,2,17,31561.0,15275.0,0.0
24_febrero_2026.pdf,feb,2,18,32435.0,52593.0,0.0
24_febrero_2026.pdf,feb,2,19,101021.0,67753.0,27406.0
24_febrero_2026.pdf,feb,2,20,66069.0,109072.0,12620.0
24_febrero_2026.pdf,feb,2,21,76029.0,77928.0,15762.0
24_febrero_2026.pdf,feb,2,22,52284.0,0.0,0.0
24_febrero_2026.pdf,feb,2,23,100303.0,115955.0,40880.0
24_febrero_2026.pdf,feb,2,24,0.0,,
24_febrero_2026.pdf,feb,2,8,5.87,,5.63
24_febrero_2026.pdf,feb,2,9,6.15,,5.63
24_febrero_2026.pdf,feb,2,10,6.27,,5.63
24_febrero_2026.pdf,feb,2,11,6.26,,5.63
24_febrero_2026.pdf,feb,2,12,6.22,,5.63
24_febrero_2026.pdf,feb,2,13,6.11,,5.63
24_febrero_2026.pdf,feb,2,14,6.35,,5.63
24_febrero_2026.pdf,feb,2,15,5.63,,
24_febrero_2026.pdf,feb,2,16,6.18,,5.25
24_febrero_2026.pdf,feb,2,17,5.16,,5.65
24_febrero_2026.pdf,feb,2,18,5.55,,
24_febrero_2026.pdf,feb,2,19,5.29,,6.33
24_febrero_2026.pdf,feb,2,20,5.77,,6.03
24_febrero_2026.pdf,feb,2,21,5.83,,6.03
24_febrero_2026.pdf,feb,2,22,5.02,,6.03
24_febrero_2026.pdf,feb,2,23,5.57,,6.03
24_marzo_2026.pdf,mar,3,11,6.4,,7.28
24_marzo_2026.pdf,mar,3,12,6.4,,7.28
24_marzo_2026.pdf,mar,3,13,6.4,,7.46
24_marzo_2026.pdf,mar,3,14,6.4,,7.46
24_marzo_2026.pdf,mar,3,15,6.4,,7.46
24_marzo_2026.pdf,mar,3,16,6.4,,7.56
24_marzo_2026.pdf,mar,3,17,6.4,,7.56
24_marzo_2026.pdf,mar,3,18,6.4,,7.59
24_marzo_2026.pdf,mar,3,19,6.45,,7.59
24_marzo_2026.pdf,mar,3,20,6.4,,7.69
24_marzo_2026.pdf,mar,3,21,6.4,,7.69
24_marzo_2026.pdf,mar,3,22,6.4,,7.69
24_marzo_2026.pdf,mar,3,23,6.4,,7.6
24_marzo_2026.pdf,mar,3,11,141640.0,16462.0,0.0
24_marzo_2026.pdf,mar,3,12,140201.0,29539.0,20033.0
24_marzo_2026.pdf,mar,3,13,100686.0,44402.0,34506.0
24_marzo_2026.pdf,mar,3,14,132305.0,44702.0,10957.0
24_marzo_2026.pdf,mar,3,15,26409.0,0.0,0.0
24_marzo_2026.pdf,mar,3,16,105716.0,160087.0,49515.0
24_marzo_2026.pdf,mar,3,17,124385.0,61464.0,6938.0
24_marzo_2026.pdf,mar,3,18,149386.0,82572.0,4805.0
24_marzo_2026.pdf,mar,3,19,87790.0,76524.0,16921.0
24_marzo_2026.pdf,mar,3,20,118632.0,61890.0,13448.0
24_marzo_2026.pdf,mar,3,21,76631.0,34842.0,13826.0
24_marzo_2026.pdf,mar,3,22,31727.0,0.0,0.0
24_marzo_2026.pdf,mar,3,23,91978.0,0.0,0.0
24_marzo_2026.pdf,mar,3,24,0.0,,
24_marzo_2026.pdf,mar,3,8,6.03,,6.08
24_marzo_2026.pdf,mar,3,9,5.81,,5.97
24_marzo_2026.pdf,mar,3,10,6.4,,6.12
24_marzo_2026.pdf,mar,3,11,6.19,5.8,6.27
24_marzo_2026.pdf,mar,3,12,6.66,5.85,6.38
24_marzo_2026.pdf,mar,3,13,6.69,,6.2
24_marzo_2026.pdf,mar,3,14,7.12,5.85,6.09
24_marzo_2026.pdf,mar,3,15,6.31,,6.38
24_marzo_2026.pdf,mar,3,16,6.49,6.0,6.12
24_marzo_2026.pdf,mar,3,17,6.67,5.78,6.68
24_marzo_2026.pdf,mar,3,18,6.53,5.8,6.27
24_marzo_2026.pdf,mar,3,19,6.39,,6.27
24_marzo_2026.pdf,mar,3,20,6.3,5.57,6.68
24_marzo_2026.pdf,mar,3,21,6.71,,6.68
24_marzo_2026.pdf,mar,3,22,5.95,,6.68
24_marzo_2026.pdf,mar,3,23,5.87,5.25,6.17
24_noviembre_2025.pdf,nov,11,11,4.7,,6.25
24_noviembre_2025.pdf,nov,11,12,4.63,,6.23
24_noviembre_2025.pdf,nov,11,13,4.58,,6.23
24_noviembre_2025.pdf,nov,11,14,4.55,,6.15
24_noviembre_2025.pdf,nov,11,15,4.53,,6.15
24_noviembre_2025.pdf,nov,11,16,4.53,,6.15
24_noviembre_2025.pdf,nov,11,17,4.48,,6.08
24_noviembre_2025.pdf,nov,11,18,4.48,,6.08
24_noviembre_2025.pdf,nov,11,19,4.48,,6.11
24_noviembre_2025.pdf,nov,11,20,4.63,,6.11
24_noviembre_2025.pdf,nov,11,21,4.48,,6.07
24_noviembre_2025.pdf,nov,11,22,4.65,,6.07
24_noviembre_2025.pdf,nov,11,23,4.65,,6.07
24_noviembre_2025.pdf,nov,11,11,117139.0,78737.0,24676.0
24_noviembre_2025.pdf,nov,11,12,140531.0,90442.0,14744.0
24_noviembre_2025.pdf,nov,11,13,107309.0,54030.0,34611.0
24_noviembre_2025.pdf,nov,11,14,48989.0,65596.0,18144.0
24_noviembre_2025.pdf,nov,11,15,95599.0,60732.0,18132.0
24_noviembre_2025.pdf,nov,11,16,35486.0,0.0,0.0
24_noviembre_2025.pdf,nov,11,17,181239.0,107313.0,66008.0
24_noviembre_2025.pdf,nov,11,18,191152.0,139424.0,16864.0
24_noviembre_2025.pdf,nov,11,19,141224.0,94832.0,23463.0
24_noviembre_2025.pdf,nov,11,20,114633.0,98711.0,9996.0
24_noviembre_2025.pdf,nov,11,21,128586.0,49627.0,12910.0
24_noviembre_2025.pdf,nov,11,22,73602.0,64936.0,6907.0
24_noviembre_2025.pdf,nov,11,23,36941.0,0.0,0.0
24_noviembre_2025.pdf,nov,11,24,,,
24_noviembre_2025.pdf,nov,11,8,4.91,3.9,4.55
24_noviembre_2025.pdf,nov,11,9,4.26,,4.55
24_noviembre_2025.pdf,nov,11,10,4.34,3.8,4.55
24_noviembre_2025.pdf,nov,11,11,4.34,3.7,4.55
24_noviembre_2025.pdf,nov,11,12,4.29,3.7,4.53
24_noviembre_2025.pdf,nov,11,13,4.15,3.7,4.53
24_noviembre_2025.pdf,nov,11,14,4.61,3.7,4.53
24_noviembre_2025.pdf,nov,11,15,4.61,3.7,4.53
24_noviembre_2025.pdf,nov,11,16,3.65,,4.53
24_noviembre_2025.pdf,nov,11,17,4.17,3.7,4.53
24_noviembre_2025.pdf,nov,11,18,4.17,3.9,4.53
24_noviembre_2025.pdf,nov,11,19,4.34,4.0,4.53
24_noviembre_2025.pdf,nov,11,20,4.39,4.0,4.53
24_noviembre_2025.pdf,nov,11,21,4.58,4.1,4.53
24_noviembre_2025.pdf,nov,11,22,4.95,,4.23
24_noviembre_2025.pdf,nov,11,23,4.27,,
24_octubre_2025.pdf,oct,10,11,4.63,,6.13
24_octubre_2025.pdf,oct,10,12,4.63,,6.13
24_octubre_2025.pdf,oct,10,13,4.63,,6.04
24_octubre_2025.pdf,oct,10,14,4.63,,6.04
24_octubre_2025.pdf,oct,10,15,4.6,,5.82
24_octubre_2025.pdf,oct,10,16,4.6,,5.82
24_octubre_2025.pdf,oct,10,17,4.58,,5.93
24_octubre_2025.pdf,oct,10,18,4.58,,5.93
24_octubre_2025.pdf,oct,10,19,4.58,,5.93
24_octubre_2025.pdf,oct,10,20,4.58,,5.89
24_octubre_2025.pdf,oct,10,21,4.68,,5.89
24_octubre_2025.pdf,oct,10,22,4.65,,5.89
24_octubre_2025.pdf,oct,10,23,4.73,,5.89
24_octubre_2025.pdf,oct,10,11,65311.0,78296.0,24979.0
24_octubre_2025.pdf,oct,10,12,45627.0,0.0,0.0
24_octubre_2025.pdf,oct,10,13,133758.0,153439.0,49808.0
24_octubre_2025.pdf,oct,10,14,156320.0,90458.0,10150.0
24_octubre_2025.pdf,oct,10,15,119428.0,112073.0,17665.0
24_octubre_2025.pdf,oct,10,16,124307.0,94781.0,28241.0
24_octubre_2025.pdf,oct,10,17,129815.0,87751.0,24652.0
24_octubre_2025.pdf,oct,10,18,129292.0,76806.0,23914.0
24_octubre_2025.pdf,oct,10,19,44368.0,39950.0,0.0
24_octubre_2025.pdf,oct,10,20,125346.0,161282.0,65434.0
24_octubre_2025.pdf,oct,10,21,149528.0,123730.0,10919.0
24_octubre_2025.pdf,oct,10,22,116639.0,108809.0,31824.0
24_octubre_2025.pdf,oct,10,23,131826.0,148207.0,13225.0
24_octubre_2025.pdf,oct,10,24,,,
24_octubre_2025.pdf,oct,10,8,4.4,4.1,5.0
24_octubre_2025.pdf,oct,10,9,4.25,4.2,5.0
24_octubre_2025.pdf,oct,10,10,4.28,4.1,4.7
24_octubre_2025.pdf,oct,10,11,4.62,4.1,4.7
24_octubre_2025.pdf,oct,10,12,3.87,,4.7
24_octubre_2025.pdf,oct,10,13,4.23,4.1,4.7
24_octubre_2025.pdf,oct,10,14,4.3,4.1,4.6
24_octubre_2025.pdf,oct,10,15,4.33,4.0,4.45
24_octubre_2025.pdf,oct,10,16,4.34,4.0,4.45
24_octubre_2025.pdf,oct,10,17,4.38,4.0,4.45
24_octubre_2025.pdf,oct,10,18,4.81,4.1,4.45
24_octubre_2025.pdf,oct,10,19,3.95,,4.45
24_octubre_2025.pdf,oct,10,20,4.36,4.1,4.45
24_octubre_2025.pdf,oct,10,21,4.99,4.1,4.45
24_octubre_2025.pdf,oct,10,22,4.49,4.2,4.45
24_octubre_2025.pdf,oct,10,23,4.4,4.3,4.55
24_setiembre_2025.pdf,sep,9,11,5.25,,6.73
24_setiembre_2025.pdf,sep,9,12,5.25,,6.78
24_setiembre_2025.pdf,sep,9,13,5.23,,6.78
24_setiembre_2025.pdf,sep,9,14,5.23,,6.78
24_setiembre_2025.pdf,sep,9,15,5.28,,6.52
24_setiembre_2025.pdf,sep,9,16,5.28,,6.52
24_setiembre_2025.pdf,sep,9,17,5.28,,6.53
24_setiembre_2025.pdf,sep,9,18,5.3,,6.53
24_setiembre_2025.pdf,sep,9,19,5.38,,6.56
24_setiembre_2025.pdf,sep,9,20,5.38,,6.56
24_setiembre_2025.pdf,sep,9,21,5.38,,6.56
24_setiembre_2025.pdf,sep,9,22,5.38,,6.51
24_setiembre_2025.pdf,sep,9,23,5.3,,6.51
24_setiembre_2025.pdf,sep,9,11,113487.0,74382.0,4536.0
24_setiembre_2025.pdf,sep,9,12,64824.0,0.0,12096.0
24_setiembre_2025.pdf,sep,9,13,90027.0,84179.0,13974.0
24_setiembre_2025.pdf,sep,9,14,26398.0,27143.0,0.0
24_setiembre_2025.pdf,sep,9,15,132789.0,61377.0,61733.0
24_setiembre_2025.pdf,sep,9,16,143524.0,132560.0,20358.0
24_setiembre_2025.pdf,sep,9,17,132460.0,89203.0,10312.0
24_setiembre_2025.pdf,sep,9,18,109177.0,52134.0,32725.0
24_setiembre_2025.pdf,sep,9,19,90452.0,33229.0,18902.0
24_setiembre_2025.pdf,sep,9,20,91438.0,49520.0,7002.0
24_setiembre_2025.pdf,sep,9,21,32105.0,0.0,0.0
24_setiembre_2025.pdf,sep,9,22,145952.0,63812.0,39027.0
24_setiembre_2025.pdf,sep,9,23,109363.0,103601.0,17831.0
24_setiembre_2025.pdf,sep,9,24,,,
24_setiembre_2025.pdf,sep,9,8,5.02,4.5,5.4
24_setiembre_2025.pdf,sep,9,9,5.09,4.5,5.4
24_setiembre_2025.pdf,sep,9,10,5.05,,5.1
24_setiembre_2025.pdf,sep,9,11,5.03,4.7,5.1
24_setiembre_2025.pdf,sep,9,12,4.88,4.7,5.1
24_setiembre_2025.pdf,sep,9,13,5.11,4.7,5.1
24_setiembre_2025.pdf,sep,9,14,4.8,,5.1
24_setiembre_2025.pdf,sep,9,15,5.14,4.9,5.1
24_setiembre_2025.pdf,sep,9,16,5.29,4.9,5.1
24_setiembre_2025.pdf,sep,9,17,5.25,4.9,5.2
24_setiembre_2025.pdf,sep,9,18,5.25,4.9,5.2
24_setiembre_2025.pdf,sep,9,19,5.29,4.9,5.2
24_setiembre_2025.pdf,sep,9,20,5.56,4.9,5.2
24_setiembre_2025.pdf,sep,9,21,4.88,,5.3
24_setiembre_2025.pdf,sep,9,22,5.1,4.7,5.3
24_setiembre_2025.pdf,sep,9,23,5.06,4.7,5.3
25_diciembre_2025.pdf,dic,12,18,4.7,,6.75
25_diciembre_2025.pdf,dic,12,19,4.53,,6.56
25_diciembre_2025.pdf,dic,12,20,4.33,,6.56
25_diciembre_2025.pdf,dic,12,21,4.33,,6.56
25_diciembre_2025.pdf,dic,12,22,4.05,,6.34
25_diciembre_2025.pdf,dic,12,23,3.98,,6.34
25_diciembre_2025.pdf,dic,12,24,3.85,,6.11
25_diciembre_2025.pdf,dic,12,26,3.85,,6.03
25_diciembre_2025.pdf,dic,12,27,4.08,,6.03
25_diciembre_2025.pdf,dic,12,28,4.08,,6.03
25_diciembre_2025.pdf,dic,12,29,4.13,,5.86
25_diciembre_2025.pdf,dic,12,30,4.45,,5.86
25_diciembre_2025.pdf,dic,12,18,68636.0,40584.0,28311.0
25_diciembre_2025.pdf,dic,12,19,38720.0,0.0,0.0
25_diciembre_2025.pdf,dic,12,20,78271.0,58593.0,9371.0
25_diciembre_2025.pdf,dic,12,21,21493.0,0.0,0.0
25_diciembre_2025.pdf,dic,12,22,97037.0,98341.0,44731.0
25_diciembre_2025.pdf,dic,12,23,109381.0,75334.0,5666.0
25_diciembre_2025.pdf,dic,12,24,74112.0,37168.0,14223.0
25_diciembre_2025.pdf,dic,12,25,32038.0,0.0,0.0
25_diciembre_2025.pdf,dic,12,26,140421.0,141197.0,21128.0
25_diciembre_2025.pdf,dic,12,27,54959.0,0.0,7560.0
25_diciembre_2025.pdf,dic,12,28,36549.0,0.0,0.0
25_diciembre_2025.pdf,dic,12,29,121005.0,117589.0,61617.0
25_diciembre_2025.pdf,dic,12,30,113769.0,76579.0,12561.0
25_diciembre_2025.pdf,dic,12,31,,,
25_diciembre_2025.pdf,dic,12,15,4.86,3.4,6.23
25_diciembre_2025.pdf,dic,12,16,4.39,3.4,6.23
25_diciembre_2025.pdf,dic,12,17,3.76,3.1,6.23
25_diciembre_2025.pdf,dic,12,18,4.07,,5.13
25_diciembre_2025.pdf,dic,12,19,3.47,,5.13
25_diciembre_2025.pdf,dic,12,20,4.2,,5.13
25_diciembre_2025.pdf,dic,12,21,3.82,,5.13
25_diciembre_2025.pdf,dic,12,22,3.72,,5.13
25_diciembre_2025.pdf,dic,12,23,3.84,,5.13
25_diciembre_2025.pdf,dic,12,24,4.01,,5.13
25_diciembre_2025.pdf,dic,12,25,2.99,,
25_diciembre_2025.pdf,dic,12,26,3.35,2.6,4.03
25_diciembre_2025.pdf,dic,12,27,2.8,,4.03
25_diciembre_2025.pdf,dic,12,28,3.76,,4.03
25_diciembre_2025.pdf,dic,12,29,3.64,4.1,4.03
25_diciembre_2025.pdf,dic,12,30,4.35,,4.03
25_febrero_2026.pdf,feb,2,12,6.25,,7.16
25_febrero_2026.pdf,feb,2,13,6.15,,7.23
25_febrero_2026.pdf,feb,2,14,6.15,,7.23
25_febrero_2026.pdf,feb,2,15,6.15,,7.23
25_febrero_2026.pdf,feb,2,16,6.1,,7.32
25_febrero_2026.pdf,feb,2,17,6.08,,7.32
25_febrero_2026.pdf,feb,2,18,5.95,,7.39
25_febrero_2026.pdf,feb,2,19,5.85,,7.39
25_febrero_2026.pdf,feb,2,20,5.78,,7.42
25_febrero_2026.pdf,feb,2,21,5.78,,7.42
25_febrero_2026.pdf,feb,2,22,5.78,,7.42
25_febrero_2026.pdf,feb,2,23,5.78,,6.99
25_febrero_2026.pdf,feb,2,24,5.78,,6.99
25_febrero_2026.pdf,feb,2,12,79849.0,48202.0,22986.0
25_febrero_2026.pdf,feb,2,13,93987.0,35670.0,6444.0
25_febrero_2026.pdf,feb,2,14,60325.0,20669.0,2413.0
25_febrero_2026.pdf,feb,2,15,318.0,0.0,0.0
25_febrero_2026.pdf,feb,2,16,97443.0,103696.0,8895.0
25_febrero_2026.pdf,feb,2,17,31561.0,15275.0,0.0
25_febrero_2026.pdf,feb,2,18,32435.0,52593.0,0.0
25_febrero_2026.pdf,feb,2,19,101021.0,67753.0,27406.0
25_febrero_2026.pdf,feb,2,20,66069.0,109072.0,12620.0
25_febrero_2026.pdf,feb,2,21,76029.0,77928.0,15762.0
25_febrero_2026.pdf,feb,2,22,52284.0,0.0,0.0
25_febrero_2026.pdf,feb,2,23,100303.0,115955.0,40880.0
25_febrero_2026.pdf,feb,2,24,108587.0,48484.0,11201.0
25_febrero_2026.pdf,feb,2,25,0.0,,
25_febrero_2026.pdf,feb,2,9,6.15,,5.63
25_febrero_2026.pdf,feb,2,10,6.27,,5.63
25_febrero_2026.pdf,feb,2,11,6.26,,5.63
25_febrero_2026.pdf,feb,2,12,6.22,,5.63
25_febrero_2026.pdf,feb,2,13,6.11,,5.63
25_febrero_2026.pdf,feb,2,14,6.35,,5.63
25_febrero_2026.pdf,feb,2,15,5.63,,
25_febrero_2026.pdf,feb,2,16,6.18,,5.25
25_febrero_2026.pdf,feb,2,17,5.16,,5.65
25_febrero_2026.pdf,feb,2,18,5.55,,
25_febrero_2026.pdf,feb,2,19,5.29,,6.33
25_febrero_2026.pdf,feb,2,20,5.77,,6.03
25_febrero_2026.pdf,feb,2,21,5.83,,6.03
25_febrero_2026.pdf,feb,2,22,5.02,,6.03
25_febrero_2026.pdf,feb,2,23,5.57,,6.03
25_febrero_2026.pdf,feb,2,24,5.77,,6.03
25_marzo_2026.pdf,mar,3,12,6.4,,7.28
25_marzo_2026.pdf,mar,3,13,6.4,,7.46
25_marzo_2026.pdf,mar,3,14,6.4,,7.46
25_marzo_2026.pdf,mar,3,15,6.4,,7.46
25_marzo_2026.pdf,mar,3,16,6.4,,7.56
25_marzo_2026.pdf,mar,3,17,6.4,,7.56
25_marzo_2026.pdf,mar,3,18,6.4,,7.59
25_marzo_2026.pdf,mar,3,19,6.45,,7.59
25_marzo_2026.pdf,mar,3,20,6.4,,7.69
25_marzo_2026.pdf,mar,3,21,6.4,,7.69
25_marzo_2026.pdf,mar,3,22,6.4,,7.69
25_marzo_2026.pdf,mar,3,23,6.4,,7.6
25_marzo_2026.pdf,mar,3,24,6.4,,7.6
25_marzo_2026.pdf,mar,3,12,140201.0,29539.0,20033.0
25_marzo_2026.pdf,mar,3,13,100686.0,44402.0,34506.0
25_marzo_2026.pdf,mar,3,14,132305.0,44702.0,10957.0
25_marzo_2026.pdf,mar,3,15,26409.0,0.0,0.0
25_marzo_2026.pdf,mar,3,16,105716.0,160087.0,49515.0
25_marzo_2026.pdf,mar,3,17,124385.0,61464.0,6938.0
25_marzo_2026.pdf,mar,3,18,149386.0,82572.0,4805.0
25_marzo_2026.pdf,mar,3,19,87790.0,76524.0,16921.0
25_marzo_2026.pdf,mar,3,20,118632.0,61890.0,13448.0
25_marzo_2026.pdf,mar,3,21,76631.0,34842.0,13826.0
25_marzo_2026.pdf,mar,3,22,31727.0,0.0,0.0
25_marzo_2026.pdf,mar,3,23,91978.0,0.0,0.0
25_marzo_2026.pdf,mar,3,24,214696.0,80781.0,8620.0
25_marzo_2026.pdf,mar,3,25,0.0,,
25_marzo_2026.pdf,mar,3,9,5.81,,5.97
25_marzo_2026.pdf,mar,3,10,6.4,,6.12
25_marzo_2026.pdf,mar,3,11,6.19,5.8,6.27
25_marzo_2026.pdf,mar,3,12,6.66,5.85,6.38
25_marzo_2026.pdf,mar,3,13,6.69,,6.2
25_marzo_2026.pdf,mar,3,14,7.12,5.85,6.09
25_marzo_2026.pdf,mar,3,15,6.31,,6.38
25_marzo_2026.pdf,mar,3,16,6.49,6.0,6.12
25_marzo_2026.pdf,mar,3,17,6.67,5.78,6.68
25_marzo_2026.pdf,mar,3,18,6.53,5.8,6.27
25_marzo_2026.pdf,mar,3,19,6.39,,6.27
25_marzo_2026.pdf,mar,3,20,6.3,5.57,6.68
25_marzo_2026.pdf,mar,3,21,6.71,,6.68
25_marzo_2026.pdf,mar,3,22,5.95,,6.68
25_marzo_2026.pdf,mar,3,23,5.87,5.25,6.17
25_marzo_2026.pdf,mar,3,24,5.97,5.3,6.17
25_noviembre_2025.pdf,nov,11,12,4.63,,6.29
25_noviembre_2025.pdf,nov,11,13,4.58,,6.29
25_noviembre_2025.pdf,nov,11,14,4.55,,6.15
25_noviembre_2025.pdf,nov,11,15,4.53,,6.15
25_noviembre_2025.pdf,nov,11,16,4.53,,6.15
25_noviembre_2025.pdf,nov,11,17,4.48,,6.08
25_noviembre_2025.pdf,nov,11,18,4.48,,6.08
25_noviembre_2025.pdf,nov,11,19,4.48,,6.11
25_noviembre_2025.pdf,nov,11,20,4.63,,6.11
25_noviembre_2025.pdf,nov,11,21,4.48,,6.07
25_noviembre_2025.pdf,nov,11,22,4.65,,6.07
25_noviembre_2025.pdf,nov,11,23,4.65,,6.07
25_noviembre_2025.pdf,nov,11,24,4.73,,6.09
25_noviembre_2025.pdf,nov,11,12,140531.0,90442.0,14744.0
25_noviembre_2025.pdf,nov,11,13,107309.0,54030.0,34611.0
25_noviembre_2025.pdf,nov,11,14,48989.0,65596.0,18144.0
25_noviembre_2025.pdf,nov,11,15,95599.0,60732.0,18132.0
25_noviembre_2025.pdf,nov,11,16,35486.0,0.0,0.0
25_noviembre_2025.pdf,nov,11,17,181239.0,107313.0,66008.0
25_noviembre_2025.pdf,nov,11,18,191152.0,139424.0,16864.0
25_noviembre_2025.pdf,nov,11,19,141224.0,94832.0,23463.0
25_noviembre_2025.pdf,nov,11,20,114633.0,98711.0,9996.0
25_noviembre_2025.pdf,nov,11,21,128586.0,49627.0,12910.0
25_noviembre_2025.pdf,nov,11,22,73602.0,64936.0,6907.0
25_noviembre_2025.pdf,nov,11,23,36941.0,0.0,0.0
25_noviembre_2025.pdf,nov,11,24,101852.0,78437.0,52173.0
25_noviembre_2025.pdf,nov,11,25,,,
25_noviembre_2025.pdf,nov,11,9,4.26,,4.55
25_noviembre_2025.pdf,nov,11,10,4.34,3.8,4.55
25_noviembre_2025.pdf,nov,11,11,4.34,3.7,4.55
25_noviembre_2025.pdf,nov,11,12,4.29,3.7,4.53
25_noviembre_2025.pdf,nov,11,13,4.15,3.7,4.53
25_noviembre_2025.pdf,nov,11,14,4.61,3.7,4.53
25_noviembre_2025.pdf,nov,11,15,4.61,3.7,4.53
25_noviembre_2025.pdf,nov,11,16,3.65,,4.53
25_noviembre_2025.pdf,nov,11,17,4.17,3.7,4.53
25_noviembre_2025.pdf,nov,11,18,4.17,3.9,4.53
25_noviembre_2025.pdf,nov,11,19,4.34,4.0,4.53
25_noviembre_2025.pdf,nov,11,20,4.39,4.0,4.53
25_noviembre_2025.pdf,nov,11,21,4.58,4.1,4.53
25_noviembre_2025.pdf,nov,11,22,4.95,,4.23
25_noviembre_2025.pdf,nov,11,23,4.27,,
25_noviembre_2025.pdf,nov,11,24,4.62,,4.23
25_octubre_2025.pdf,oct,10,18,4.58,,5.93
25_octubre_2025.pdf,oct,10,19,4.58,,5.93
25_octubre_2025.pdf,oct,10,20,4.58,,5.89
25_octubre_2025.pdf,oct,10,21,4.68,,5.89
25_octubre_2025.pdf,oct,10,22,4.65,,5.89
25_octubre_2025.pdf,oct,10,23,4.73,,5.89
25_octubre_2025.pdf,oct,10,24,4.73,,5.87
25_octubre_2025.pdf,oct,10,25,4.73,,5.87
25_octubre_2025.pdf,oct,10,26,4.73,,5.87
25_octubre_2025.pdf,oct,10,27,4.73,,6.06
25_octubre_2025.pdf,oct,10,28,4.73,,6.06
25_octubre_2025.pdf,oct,10,29,4.8,,6.02
25_octubre_2025.pdf,oct,10,30,4.8,,6.02
25_octubre_2025.pdf,oct,10,18,129292.0,76806.0,23914.0
25_octubre_2025.pdf,oct,10,19,44368.0,39950.0,0.0
25_octubre_2025.pdf,oct,10,20,125346.0,161282.0,65434.0
25_octubre_2025.pdf,oct,10,21,149528.0,123730.0,10919.0
25_octubre_2025.pdf,oct,10,22,116639.0,108809.0,31824.0
25_octubre_2025.pdf,oct,10,23,131826.0,148207.0,13225.0
25_octubre_2025.pdf,oct,10,24,107015.0,91769.0,7674.0
25_octubre_2025.pdf,oct,10,25,94275.0,73588.0,20936.0
25_octubre_2025.pdf,oct,10,26,37757.0,13043.0,0.0
25_octubre_2025.pdf,oct,10,27,136600.0,123066.0,53975.0
25_octubre_2025.pdf,oct,10,28,143049.0,41950.0,15659.0
25_octubre_2025.pdf,oct,10,29,132777.0,110764.0,16146.0
25_octubre_2025.pdf,oct,10,30,127747.0,80565.0,33882.0
25_octubre_2025.pdf,oct,10,31,,,
25_octubre_2025.pdf,oct,10,15,4.33,4.0,4.45
25_octubre_2025.pdf,oct,10,16,4.34,4.0,4.45
25_octubre_2025.pdf,oct,10,17,4.38,4.0,4.45
25_octubre_2025.pdf,oct,10,18,4.81,4.1,4.45
25_octubre_2025.pdf,oct,10,19,3.95,,4.45
25_octubre_2025.pdf,oct,10,20,4.36,4.1,4.45
25_octubre_2025.pdf,oct,10,21,4.99,4.1,4.45
25_octubre_2025.pdf,oct,10,22,4.49,4.2,4.45
25_octubre_2025.pdf,oct,10,23,4.4,4.3,4.55
25_octubre_2025.pdf,oct,10,24,4.56,4.3,4.55
25_octubre_2025.pdf,oct,10,25,4.85,4.4,4.55
25_octubre_2025.pdf,oct,10,26,4.3,,4.55
25_octubre_2025.pdf,oct,10,27,4.67,4.4,4.55
25_octubre_2025.pdf,oct,10,28,4.78,4.6,4.55
25_octubre_2025.pdf,oct,10,29,4.8,4.6,4.55
25_octubre_2025.pdf,oct,10,30,4.77,4.6,4.55
25_setiembre_2025.pdf,sep,9,12,5.25,,6.78
25_setiembre_2025.pdf,sep,9,13,5.23,,6.78
25_setiembre_2025.pdf,sep,9,14,5.23,,6.78
25_setiembre_2025.pdf,sep,9,15,5.28,,6.52
25_setiembre_2025.pdf,sep,9,16,5.28,,6.52
25_setiembre_2025.pdf,sep,9,17,5.28,,6.53
25_setiembre_2025.pdf,sep,9,18,5.3,,6.53
25_setiembre_2025.pdf,sep,9,19,5.38,,6.56
25_setiembre_2025.pdf,sep,9,20,5.38,,6.56
25_setiembre_2025.pdf,sep,9,21,5.38,,6.56
25_setiembre_2025.pdf,sep,9,22,5.38,,6.51
25_setiembre_2025.pdf,sep,9,23,5.3,,6.51
25_setiembre_2025.pdf,sep,9,24,5.18,,6.5
25_setiembre_2025.pdf,sep,9,12,64824.0,0.0,12096.0
25_setiembre_2025.pdf,sep,9,13,90027.0,84179.0,13974.0
25_setiembre_2025.pdf,sep,9,14,26398.0,27143.0,0.0
25_setiembre_2025.pdf,sep,9,15,132789.0,61377.0,61733.0
25_setiembre_2025.pdf,sep,9,16,143524.0,132560.0,20358.0
25_setiembre_2025.pdf,sep,9,17,132460.0,89203.0,10312.0
25_setiembre_2025.pdf,sep,9,18,109177.0,52134.0,32725.0
25_setiembre_2025.pdf,sep,9,19,90452.0,33229.0,18902.0
25_setiembre_2025.pdf,sep,9,20,91438.0,49520.0,7002.0
25_setiembre_2025.pdf,sep,9,21,32105.0,0.0,0.0
25_setiembre_2025.pdf,sep,9,22,145952.0,63812.0,39027.0
25_setiembre_2025.pdf,sep,9,23,109363.0,103601.0,17831.0
25_setiembre_2025.pdf,sep,9,24,109239.0,62465.0,19182.0
25_setiembre_2025.pdf,sep,9,25,,,
25_setiembre_2025.pdf,sep,9,9,5.09,4.5,5.4
25_setiembre_2025.pdf,sep,9,10,5.05,,5.1
25_setiembre_2025.pdf,sep,9,11,5.03,4.7,5.1
25_setiembre_2025.pdf,sep,9,12,4.88,4.7,5.1
25_setiembre_2025.pdf,sep,9,13,5.11,4.7,5.1
25_setiembre_2025.pdf,sep,9,14,4.8,,5.1
25_setiembre_2025.pdf,sep,9,15,5.14,4.9,5.1
25_setiembre_2025.pdf,sep,9,16,5.29,4.9,5.1
25_setiembre_2025.pdf,sep,9,17,5.25,4.9,5.2
25_setiembre_2025.pdf,sep,9,18,5.25,4.9,5.2
25_setiembre_2025.pdf,sep,9,19,5.29,4.9,5.2
25_setiembre_2025.pdf,sep,9,20,5.56,4.9,5.2
25_setiembre_2025.pdf,sep,9,21,4.88,,5.3
25_setiembre_2025.pdf,sep,9,22,5.1,4.7,5.3
25_setiembre_2025.pdf,sep,9,23,5.06,4.7,5.3
25_setiembre_2025.pdf,sep,9,24,4.98,4.7,5.3
26_abril_2026.pdf,abr,4,9,6.2,,7.15
26_abril_2026.pdf,abr,4,10,6.25,,7.24
26_abril_2026.pdf,abr,4,11,6.25,,7.24
26_abril_2026.pdf,abr,4,12,6.25,,7.24
26_abril_2026.pdf,abr,4,13,6.25,,7.38
26_abril_2026.pdf,abr,4,14,6.25,,7.38
26_abril_2026.pdf,abr,4,15,6.25,,7.49
26_abril_2026.pdf,abr,4,16,6.23,,7.49
26_abril_2026.pdf,abr,4,17,6.23,,7.43
26_abril_2026.pdf,abr,4,18,6.23,,7.43
26_abril_2026.pdf,abr,4,19,6.23,,7.43
26_abril_2026.pdf,abr,4,20,6.15,,7.44
26_abril_2026.pdf,abr,4,21,6.15,,7.44
26_abril_2026.pdf,abr,4,9,92371.0,48377.0,28095.0
26_abril_2026.pdf,abr,4,10,124160.0,63354.0,9709.0
26_abril_2026.pdf,abr,4,11,77101.0,65503.0,9770.0
26_abril_2026.pdf,abr,4,12,21221.0,0.0,0.0
26_abril_2026.pdf,abr,4,13,99533.0,94267.0,34383.0
26_abril_2026.pdf,abr,4,14,240073.0,126941.0,8554.0
26_abril_2026.pdf,abr,4,15,82298.0,54091.0,8761.0
26_abril_2026.pdf,abr,4,16,83496.0,35894.0,23535.0
26_abril_2026.pdf,abr,4,17,107284.0,70652.0,14556.0
26_abril_2026.pdf,abr,4,18,100437.0,65127.0,20421.0
26_abril_2026.pdf,abr,4,19,28155.0,0.0,0.0
26_abril_2026.pdf,abr,4,20,149288.0,127808.0,40762.0
26_abril_2026.pdf,abr,4,21,136093.0,121187.0,6215.0
26_abril_2026.pdf,abr,4,22,,,
26_abril_2026.pdf,abr,4,6,5.79,,6.48
26_abril_2026.pdf,abr,4,7,6.1,5.35,6.48
26_abril_2026.pdf,abr,4,8,6.15,,6.48
26_abril_2026.pdf,abr,4,9,6.29,,6.48
26_abril_2026.pdf,abr,4,10,6.37,5.8,6.48
26_abril_2026.pdf,abr,4,11,6.81,,6.48
26_abril_2026.pdf,abr,4,12,6.06,,6.48
26_abril_2026.pdf,abr,4,13,6.25,,6.48
26_abril_2026.pdf,abr,4,14,6.36,5.75,6.1
26_abril_2026.pdf,abr,4,15,6.31,,6.48
26_abril_2026.pdf,abr,4,16,6.13,,6.48
26_abril_2026.pdf,abr,4,17,6.06,5.4,6.48
26_abril_2026.pdf,abr,4,18,6.39,,6.48
26_abril_2026.pdf,abr,4,19,5.61,,6.48
26_abril_2026.pdf,abr,4,20,6.01,,5.8
26_abril_2026.pdf,abr,4,21,5.88,5.25,5.8
26_enero_2026.pdf,ene,1,13,3.95,,
26_enero_2026.pdf,ene,1,14,3.95,,
26_enero_2026.pdf,ene,1,15,3.9,,
26_enero_2026.pdf,ene,1,16,3.88,,
26_enero_2026.pdf,ene,1,17,3.88,,
26_enero_2026.pdf,ene,1,18,3.88,,
26_enero_2026.pdf,ene,1,19,3.88,,
26_enero_2026.pdf,ene,1,20,3.88,,
26_enero_2026.pdf,ene,1,21,3.88,,
26_enero_2026.pdf,ene,1,22,3.88,,
26_enero_2026.pdf,ene,1,23,3.85,,5.15
26_enero_2026.pdf,ene,1,24,3.83,,5.15
26_enero_2026.pdf,ene,1,25,3.83,,5.15
26_enero_2026.pdf,ene,1,13,134284.0,115941.0,14602.0
26_enero_2026.pdf,ene,1,14,80678.0,74169.0,7689.0
26_enero_2026.pdf,ene,1,15,87203.0,52603.0,19402.0
26_enero_2026.pdf,ene,1,16,85933.0,79502.0,18164.0
26_enero_2026.pdf,ene,1,17,90502.0,71185.0,14207.0
26_enero_2026.pdf,ene,1,18,22935.0,0.0,0.0
26_enero_2026.pdf,ene,1,19,97813.0,138193.0,30214.0
26_enero_2026.pdf,ene,1,20,103100.0,87322.0,9064.0
26_enero_2026.pdf,ene,1,21,104238.0,74992.0,11523.0
26_enero_2026.pdf,ene,1,22,88922.0,67955.0,23264.0
26_enero_2026.pdf,ene,1,23,57029.0,112373.0,12967.0
26_enero_2026.pdf,ene,1,24,78170.0,92753.0,21908.0
26_enero_2026.pdf,ene,1,25,26136.0,0.0,0.0
26_enero_2026.pdf,ene,1,26,,,
26_enero_2026.pdf,ene,1,10,4.56,,4.03
26_enero_2026.pdf,ene,1,11,3.39,,4.03
26_enero_2026.pdf,ene,1,12,3.74,,4.03
26_enero_2026.pdf,ene,1,13,3.76,,4.08
26_enero_2026.pdf,ene,1,14,3.86,,4.08
26_enero_2026.pdf,ene,1,15,3.99,,4.08
26_enero_2026.pdf,ene,1,16,3.96,,4.08
26_enero_2026.pdf,ene,1,17,4.58,,4.08
26_enero_2026.pdf,ene,1,18,3.73,,4.08
26_enero_2026.pdf,ene,1,19,3.58,,4.08
26_enero_2026.pdf,ene,1,20,3.9,,3.6
26_enero_2026.pdf,ene,1,21,3.79,,3.98
26_enero_2026.pdf,ene,1,22,3.94,,3.98
26_enero_2026.pdf,ene,1,23,3.87,,
26_enero_2026.pdf,ene,1,24,3.83,,3.98
26_enero_2026.pdf,ene,1,25,4.27,,
26_febrero_2026.pdf,feb,2,13,6.15,,7.23
26_febrero_2026.pdf,feb,2,14,6.15,,7.23
26_febrero_2026.pdf,feb,2,15,6.15,,7.23
26_febrero_2026.pdf,feb,2,16,6.1,,7.32
26_febrero_2026.pdf,feb,2,17,6.08,,7.32
26_febrero_2026.pdf,feb,2,18,5.95,,7.39
26_febrero_2026.pdf,feb,2,19,5.85,,7.39
26_febrero_2026.pdf,feb,2,20,5.78,,7.42
26_febrero_2026.pdf,feb,2,21,5.78,,7.42
26_febrero_2026.pdf,feb,2,22,5.78,,7.42
26_febrero_2026.pdf,feb,2,23,5.78,,6.99
26_febrero_2026.pdf,feb,2,24,5.78,,6.99
26_febrero_2026.pdf,feb,2,25,5.75,,7.0
26_febrero_2026.pdf,feb,2,13,93987.0,35670.0,6444.0
26_febrero_2026.pdf,feb,2,14,60325.0,20669.0,2413.0
26_febrero_2026.pdf,feb,2,15,318.0,0.0,0.0
26_febrero_2026.pdf,feb,2,16,97443.0,103696.0,8895.0
26_febrero_2026.pdf,feb,2,17,31561.0,15275.0,0.0
26_febrero_2026.pdf,feb,2,18,32435.0,52593.0,0.0
26_febrero_2026.pdf,feb,2,19,101021.0,67753.0,27406.0
26_febrero_2026.pdf,feb,2,20,66069.0,109072.0,12620.0
26_febrero_2026.pdf,feb,2,21,76029.0,77928.0,15762.0
26_febrero_2026.pdf,feb,2,22,52284.0,0.0,0.0
26_febrero_2026.pdf,feb,2,23,100303.0,115955.0,40880.0
26_febrero_2026.pdf,feb,2,24,108587.0,48484.0,11201.0
26_febrero_2026.pdf,feb,2,25,94563.0,63989.0,15245.0
26_febrero_2026.pdf,feb,2,26,0.0,,
26_febrero_2026.pdf,feb,2,10,6.27,,5.63
26_febrero_2026.pdf,feb,2,11,6.26,,5.63
26_febrero_2026.pdf,feb,2,12,6.22,,5.63
26_febrero_2026.pdf,feb,2,13,6.11,,5.63
26_febrero_2026.pdf,feb,2,14,6.35,,5.63
26_febrero_2026.pdf,feb,2,15,5.63,,
26_febrero_2026.pdf,feb,2,16,6.18,,5.25
26_febrero_2026.pdf,feb,2,17,5.16,,5.65
26_febrero_2026.pdf,feb,2,18,5.55,,
26_febrero_2026.pdf,feb,2,19,5.29,,6.33
26_febrero_2026.pdf,feb,2,20,5.77,,6.03
26_febrero_2026.pdf,feb,2,21,5.83,,6.03
26_febrero_2026.pdf,feb,2,22,5.02,,6.03
26_febrero_2026.pdf,feb,2,23,5.57,,6.03
26_febrero_2026.pdf,feb,2,24,5.77,,6.03
26_febrero_2026.pdf,feb,2,25,5.77,,6.03
26_marzo_2026.pdf,mar,3,13,6.4,,7.46
26_marzo_2026.pdf,mar,3,14,6.4,,7.46
26_marzo_2026.pdf,mar,3,15,6.4,,7.46
26_marzo_2026.pdf,mar,3,16,6.4,,7.56
26_marzo_2026.pdf,mar,3,17,6.4,,7.56
26_marzo_2026.pdf,mar,3,18,6.4,,7.59
26_marzo_2026.pdf,mar,3,19,6.45,,7.59
26_marzo_2026.pdf,mar,3,20,6.4,,7.69
26_marzo_2026.pdf,mar,3,21,6.4,,7.69
26_marzo_2026.pdf,mar,3,22,6.4,,7.69
26_marzo_2026.pdf,mar,3,23,6.4,,7.6
26_marzo_2026.pdf,mar,3,24,6.4,,7.6
26_marzo_2026.pdf,mar,3,25,6.35,,7.54
26_marzo_2026.pdf,mar,3,13,100686.0,44402.0,34506.0
26_marzo_2026.pdf,mar,3,14,132305.0,44702.0,10957.0
26_marzo_2026.pdf,mar,3,15,26409.0,0.0,0.0
26_marzo_2026.pdf,mar,3,16,105716.0,160087.0,49515.0
26_marzo_2026.pdf,mar,3,17,124385.0,61464.0,6938.0
26_marzo_2026.pdf,mar,3,18,149386.0,82572.0,4805.0
26_marzo_2026.pdf,mar,3,19,87790.0,76524.0,16921.0
26_marzo_2026.pdf,mar,3,20,118632.0,61890.0,13448.0
26_marzo_2026.pdf,mar,3,21,76631.0,34842.0,13826.0
26_marzo_2026.pdf,mar,3,22,31727.0,0.0,0.0
26_marzo_2026.pdf,mar,3,23,91978.0,0.0,0.0
26_marzo_2026.pdf,mar,3,24,214696.0,80781.0,8620.0
26_marzo_2026.pdf,mar,3,25,122540.0,65442.0,11119.0
26_marzo_2026.pdf,mar,3,26,0.0,,
26_marzo_2026.pdf,mar,3,10,6.4,,6.12
26_marzo_2026.pdf,mar,3,11,6.19,5.8,6.27
26_marzo_2026.pdf,mar,3,12,6.66,5.85,6.38
26_marzo_2026.pdf,mar,3,13,6.69,,6.2
26_marzo_2026.pdf,mar,3,14,7.12,5.85,6.09
26_marzo_2026.pdf,mar,3,15,6.31,,6.38
26_marzo_2026.pdf,mar,3,16,6.49,6.0,6.12
26_marzo_2026.pdf,mar,3,17,6.67,5.78,6.68
26_marzo_2026.pdf,mar,3,18,6.53,5.8,6.27
26_marzo_2026.pdf,mar,3,19,6.39,,6.27
26_marzo_2026.pdf,mar,3,20,6.3,5.57,6.68
26_marzo_2026.pdf,mar,3,21,6.71,,6.68
26_marzo_2026.pdf,mar,3,22,5.95,,6.68
26_marzo_2026.pdf,mar,3,23,5.87,5.25,6.17
26_marzo_2026.pdf,mar,3,24,5.97,5.3,6.17
26_marzo_2026.pdf,mar,3,25,5.99,5.2,5.56
26_noviembre_2025.pdf,nov,11,13,4.58,,6.29
26_noviembre_2025.pdf,nov,11,14,4.55,,6.15
26_noviembre_2025.pdf,nov,11,15,4.53,,6.15
26_noviembre_2025.pdf,nov,11,16,4.53,,6.15
26_noviembre_2025.pdf,nov,11,17,4.48,,6.08
26_noviembre_2025.pdf,nov,11,18,4.48,,6.08
26_noviembre_2025.pdf,nov,11,19,4.48,,6.11
26_noviembre_2025.pdf,nov,11,20,4.63,,6.11
26_noviembre_2025.pdf,nov,11,21,4.48,,6.07
26_noviembre_2025.pdf,nov,11,22,4.65,,6.07
26_noviembre_2025.pdf,nov,11,23,4.65,,6.07
26_noviembre_2025.pdf,nov,11,24,4.73,,6.09
26_noviembre_2025.pdf,nov,11,25,4.78,,6.09
26_noviembre_2025.pdf,nov,11,13,107309.0,54030.0,34611.0
26_noviembre_2025.pdf,nov,11,14,48989.0,65596.0,18144.0
26_noviembre_2025.pdf,nov,11,15,95599.0,60732.0,18132.0
26_noviembre_2025.pdf,nov,11,16,35486.0,0.0,0.0
26_noviembre_2025.pdf,nov,11,17,181239.0,107313.0,66008.0
26_noviembre_2025.pdf,nov,11,18,191152.0,139424.0,16864.0
26_noviembre_2025.pdf,nov,11,19,141224.0,94832.0,23463.0
26_noviembre_2025.pdf,nov,11,20,114633.0,98711.0,9996.0
26_noviembre_2025.pdf,nov,11,21,128586.0,49627.0,12910.0
26_noviembre_2025.pdf,nov,11,22,73602.0,64936.0,6907.0
26_noviembre_2025.pdf,nov,11,23,36941.0,0.0,0.0
26_noviembre_2025.pdf,nov,11,24,139652.0,78437.0,62757.0
26_noviembre_2025.pdf,nov,11,25,179859.0,63620.0,7856.0
26_noviembre_2025.pdf,nov,11,26,,,
26_noviembre_2025.pdf,nov,11,10,4.34,3.8,4.55
26_noviembre_2025.pdf,nov,11,11,4.34,3.7,4.55
26_noviembre_2025.pdf,nov,11,12,4.29,3.7,4.53
26_noviembre_2025.pdf,nov,11,13,4.15,3.7,4.53
26_noviembre_2025.pdf,nov,11,14,4.61,3.7,4.53
26_noviembre_2025.pdf,nov,11,15,4.61,3.7,4.53
26_noviembre_2025.pdf,nov,11,16,3.65,,4.53
26_noviembre_2025.pdf,nov,11,17,4.17,3.7,4.53
26_noviembre_2025.pdf,nov,11,18,4.17,3.9,4.53
26_noviembre_2025.pdf,nov,11,19,4.34,4.0,4.53
26_noviembre_2025.pdf,nov,11,20,4.39,4.0,4.53
26_noviembre_2025.pdf,nov,11,21,4.58,4.1,4.53
26_noviembre_2025.pdf,nov,11,22,4.95,,4.23
26_noviembre_2025.pdf,nov,11,23,4.27,,
26_noviembre_2025.pdf,nov,11,24,4.62,4.5,4.23
26_noviembre_2025.pdf,nov,11,25,4.95,4.7,4.23
26_setiembre_2025.pdf,sep,9,13,5.23,,6.78
26_setiembre_2025.pdf,sep,9,14,5.23,,6.78
26_setiembre_2025.pdf,sep,9,15,5.28,,6.52
26_setiembre_2025.pdf,sep,9,16,5.28,,6.52
26_setiembre_2025.pdf,sep,9,17,5.28,,6.53
26_setiembre_2025.pdf,sep,9,18,5.3,,6.53
26_setiembre_2025.pdf,sep,9,19,5.38,,6.56
26_setiembre_2025.pdf,sep,9,20,5.38,,6.56
26_setiembre_2025.pdf,sep,9,21,5.38,,6.56
26_setiembre_2025.pdf,sep,9,22,5.38,,6.51
26_setiembre_2025.pdf,sep,9,23,5.3,,6.51
26_setiembre_2025.pdf,sep,9,24,5.18,,6.5
26_setiembre_2025.pdf,sep,9,25,5.18,,6.5
26_setiembre_2025.pdf,sep,9,13,90027.0,84179.0,13974.0
26_setiembre_2025.pdf,sep,9,14,26398.0,27143.0,0.0
26_setiembre_2025.pdf,sep,9,15,132789.0,61377.0,61733.0
26_setiembre_2025.pdf,sep,9,16,143524.0,132560.0,20358.0
26_setiembre_2025.pdf,sep,9,17,132460.0,89203.0,10312.0
26_setiembre_2025.pdf,sep,9,18,109177.0,52134.0,32725.0
26_setiembre_2025.pdf,sep,9,19,90452.0,33229.0,18902.0
26_setiembre_2025.pdf,sep,9,20,91438.0,49520.0,7002.0
26_setiembre_2025.pdf,sep,9,21,32105.0,0.0,0.0
26_setiembre_2025.pdf,sep,9,22,145952.0,63812.0,39027.0
26_setiembre_2025.pdf,sep,9,23,109363.0,103601.0,17831.0
26_setiembre_2025.pdf,sep,9,24,109239.0,62465.0,19182.0
26_setiembre_2025.pdf,sep,9,25,100668.0,61000.0,29172.0
26_setiembre_2025.pdf,sep,9,26,,,
26_setiembre_2025.pdf,sep,9,10,5.05,,5.1
26_setiembre_2025.pdf,sep,9,11,5.03,4.7,5.1
26_setiembre_2025.pdf,sep,9,12,4.88,4.7,5.1
26_setiembre_2025.pdf,sep,9,13,5.11,4.7,5.1
26_setiembre_2025.pdf,sep,9,14,4.8,,5.1
26_setiembre_2025.pdf,sep,9,15,5.14,4.9,5.1
26_setiembre_2025.pdf,sep,9,16,5.29,4.9,5.1
26_setiembre_2025.pdf,sep,9,17,5.25,4.9,5.2
26_setiembre_2025.pdf,sep,9,18,5.25,4.9,5.2
26_setiembre_2025.pdf,sep,9,19,5.29,4.9,5.2
26_setiembre_2025.pdf,sep,9,20,5.56,4.9,5.2
26_setiembre_2025.pdf,sep,9,21,4.88,,5.3
26_setiembre_2025.pdf,sep,9,22,5.1,4.7,5.3
26_setiembre_2025.pdf,sep,9,23,5.06,4.7,5.3
26_setiembre_2025.pdf,sep,9,24,4.98,4.7,5.3
26_setiembre_2025.pdf,sep,9,25,4.89,,5.3
27_enero_2026.pdf,ene,1,14,3.95,,
27_enero_2026.pdf,ene,1,15,3.9,,
27_enero_2026.pdf,ene,1,16,3.88,,
27_enero_2026.pdf,ene,1,17,3.88,,
27_enero_2026.pdf,ene,1,18,3.88,,
27_enero_2026.pdf,ene,1,19,3.88,,
27_enero_2026.pdf,ene,1,20,3.88,,
27_enero_2026.pdf,ene,1,21,3.88,,
27_enero_2026.pdf,ene,1,22,3.88,,
27_enero_2026.pdf,ene,1,23,3.85,,5.15
27_enero_2026.pdf,ene,1,24,3.83,,5.15
27_enero_2026.pdf,ene,1,25,3.83,,5.15
27_enero_2026.pdf,ene,1,26,4.0,,5.21
27_enero_2026.pdf,ene,1,14,80678.0,74169.0,7689.0
27_enero_2026.pdf,ene,1,15,87203.0,52603.0,19402.0
27_enero_2026.pdf,ene,1,16,85933.0,79502.0,18164.0
27_enero_2026.pdf,ene,1,17,90502.0,71185.0,14207.0
27_enero_2026.pdf,ene,1,18,22935.0,0.0,0.0
27_enero_2026.pdf,ene,1,19,97813.0,138193.0,30214.0
27_enero_2026.pdf,ene,1,20,103100.0,87322.0,9064.0
27_enero_2026.pdf,ene,1,21,104238.0,74992.0,11523.0
27_enero_2026.pdf,ene,1,22,88922.0,67955.0,23264.0
27_enero_2026.pdf,ene,1,23,57029.0,112373.0,12967.0
27_enero_2026.pdf,ene,1,24,78170.0,92753.0,21908.0
27_enero_2026.pdf,ene,1,25,28033.0,0.0,0.0
27_enero_2026.pdf,ene,1,26,128829.0,137474.0,36872.0
27_enero_2026.pdf,ene,1,27,,,
27_enero_2026.pdf,ene,1,11,3.39,,4.03
27_enero_2026.pdf,ene,1,12,3.74,,4.03
27_enero_2026.pdf,ene,1,13,3.76,,4.08
27_enero_2026.pdf,ene,1,14,3.86,,4.08
27_enero_2026.pdf,ene,1,15,3.99,,4.08
27_enero_2026.pdf,ene,1,16,3.96,,4.08
27_enero_2026.pdf,ene,1,17,4.58,,4.08
27_enero_2026.pdf,ene,1,18,3.73,,4.08
27_enero_2026.pdf,ene,1,19,3.58,,4.08
27_enero_2026.pdf,ene,1,20,3.9,,3.6
27_enero_2026.pdf,ene,1,21,3.79,,3.98
27_enero_2026.pdf,ene,1,22,3.94,,3.98
27_enero_2026.pdf,ene,1,23,3.87,,
27_enero_2026.pdf,ene,1,24,3.83,,3.98
27_enero_2026.pdf,ene,1,25,4.27,,3.98
27_enero_2026.pdf,ene,1,26,3.96,,3.85
27_febrero_2026.pdf,feb,2,14,6.15,,7.23
27_febrero_2026.pdf,feb,2,15,6.15,,7.23
27_febrero_2026.pdf,feb,2,16,6.1,,7.32
27_febrero_2026.pdf,feb,2,17,6.08,,7.32
27_febrero_2026.pdf,feb,2,18,5.95,,7.39
27_febrero_2026.pdf,feb,2,19,5.85,,7.39
27_febrero_2026.pdf,feb,2,20,5.78,,7.42
27_febrero_2026.pdf,feb,2,21,5.78,,7.42
27_febrero_2026.pdf,feb,2,22,5.78,,7.42
27_febrero_2026.pdf,feb,2,23,5.78,,6.99
27_febrero_2026.pdf,feb,2,24,5.78,,6.99
27_febrero_2026.pdf,feb,2,25,5.75,,7.0
27_febrero_2026.pdf,feb,2,26,5.93,,7.0
27_febrero_2026.pdf,feb,2,14,60325.0,20669.0,2413.0
27_febrero_2026.pdf,feb,2,15,318.0,0.0,0.0
27_febrero_2026.pdf,feb,2,16,97443.0,103696.0,8895.0
27_febrero_2026.pdf,feb,2,17,31561.0,15275.0,0.0
27_febrero_2026.pdf,feb,2,18,32435.0,52593.0,0.0
27_febrero_2026.pdf,feb,2,19,101021.0,67753.0,27406.0
27_febrero_2026.pdf,feb,2,20,66069.0,109072.0,12620.0
27_febrero_2026.pdf,feb,2,21,76029.0,77928.0,15762.0
27_febrero_2026.pdf,feb,2,22,52284.0,0.0,0.0
27_febrero_2026.pdf,feb,2,23,100303.0,115955.0,40880.0
27_febrero_2026.pdf,feb,2,24,108587.0,48484.0,11201.0
27_febrero_2026.pdf,feb,2,25,94563.0,63989.0,15245.0
27_febrero_2026.pdf,feb,2,26,100578.0,90116.0,24662.0
27_febrero_2026.pdf,feb,2,27,0.0,,
27_febrero_2026.pdf,feb,2,11,6.26,,5.63
27_febrero_2026.pdf,feb,2,12,6.22,,5.63
27_febrero_2026.pdf,feb,2,13,6.11,,5.63
27_febrero_2026.pdf,feb,2,14,6.35,,5.63
27_febrero_2026.pdf,feb,2,15,5.63,,
27_febrero_2026.pdf,feb,2,16,6.18,,5.25
27_febrero_2026.pdf,feb,2,17,5.16,,5.65
27_febrero_2026.pdf,feb,2,18,5.55,,
27_febrero_2026.pdf,feb,2,19,5.29,,6.33
27_febrero_2026.pdf,feb,2,20,5.77,,6.03
27_febrero_2026.pdf,feb,2,21,5.83,,6.03
27_febrero_2026.pdf,feb,2,22,5.02,,6.03
27_febrero_2026.pdf,feb,2,23,5.57,,6.03
27_febrero_2026.pdf,feb,2,24,5.77,,6.03
27_febrero_2026.pdf,feb,2,25,5.77,,6.03
27_febrero_2026.pdf,feb,2,26,5.79,,6.03
27_marzo_2026.pdf,mar,3,14,6.4,,7.46
27_marzo_2026.pdf,mar,3,15,6.4,,7.46
27_marzo_2026.pdf,mar,3,16,6.4,,7.56
27_marzo_2026.pdf,mar,3,17,6.4,,7.56
27_marzo_2026.pdf,mar,3,18,6.4,,7.59
27_marzo_2026.pdf,mar,3,19,6.45,,7.59
27_marzo_2026.pdf,mar,3,20,6.4,,7.69
27_marzo_2026.pdf,mar,3,21,6.4,,7.69
27_marzo_2026.pdf,mar,3,22,6.4,,7.69
27_marzo_2026.pdf,mar,3,23,6.4,,7.6
27_marzo_2026.pdf,mar,3,24,6.4,,7.6
27_marzo_2026.pdf,mar,3,25,6.35,,7.54
27_marzo_2026.pdf,mar,3,26,6.28,,7.54
27_marzo_2026.pdf,mar,3,14,132305.0,44702.0,10957.0
27_marzo_2026.pdf,mar,3,15,26409.0,0.0,0.0
27_marzo_2026.pdf,mar,3,16,105716.0,160087.0,49515.0
27_marzo_2026.pdf,mar,3,17,124385.0,61464.0,6938.0
27_marzo_2026.pdf,mar,3,18,149386.0,82572.0,4805.0
27_marzo_2026.pdf,mar,3,19,87790.0,76524.0,16921.0
27_marzo_2026.pdf,mar,3,20,118632.0,61890.0,13448.0
27_marzo_2026.pdf,mar,3,21,76631.0,34842.0,13826.0
27_marzo_2026.pdf,mar,3,22,31727.0,0.0,0.0
27_marzo_2026.pdf,mar,3,23,91978.0,0.0,0.0
27_marzo_2026.pdf,mar,3,24,214696.0,80781.0,8620.0
27_marzo_2026.pdf,mar,3,25,122540.0,65442.0,11119.0
27_marzo_2026.pdf,mar,3,26,129606.0,137827.0,8075.0
27_marzo_2026.pdf,mar,3,27,0.0,,
27_marzo_2026.pdf,mar,3,11,6.19,5.8,6.27
27_marzo_2026.pdf,mar,3,12,6.66,5.85,6.38
27_marzo_2026.pdf,mar,3,13,6.69,,6.2
27_marzo_2026.pdf,mar,3,14,7.12,5.85,6.09
27_marzo_2026.pdf,mar,3,15,6.31,,6.38
27_marzo_2026.pdf,mar,3,16,6.49,6.0,6.12
27_marzo_2026.pdf,mar,3,17,6.67,5.78,6.68
27_marzo_2026.pdf,mar,3,18,6.53,5.8,6.27
27_marzo_2026.pdf,mar,3,19,6.39,,6.27
27_marzo_2026.pdf,mar,3,20,6.3,5.57,6.68
27_marzo_2026.pdf,mar,3,21,6.71,,6.68
27_marzo_2026.pdf,mar,3,22,5.95,,6.68
27_marzo_2026.pdf,mar,3,23,5.87,5.25,6.17
27_marzo_2026.pdf,mar,3,24,5.97,5.3,6.17
27_marzo_2026.pdf,mar,3,25,5.99,5.2,5.56
27_marzo_2026.pdf,mar,3,26,5.89,5.2,6.07
27_noviembre_2025.pdf,nov,11,14,4.55,,6.15
27_noviembre_2025.pdf,nov,11,15,4.53,,6.15
27_noviembre_2025.pdf,nov,11,16,4.53,,6.15
27_noviembre_2025.pdf,nov,11,17,4.48,,6.08
27_noviembre_2025.pdf,nov,11,18,4.48,,6.08
27_noviembre_2025.pdf,nov,11,19,4.48,,6.11
27_noviembre_2025.pdf,nov,11,20,4.63,,6.11
27_noviembre_2025.pdf,nov,11,21,4.48,,6.07
27_noviembre_2025.pdf,nov,11,22,4.65,,6.07
27_noviembre_2025.pdf,nov,11,23,4.65,,6.07
27_noviembre_2025.pdf,nov,11,24,4.73,,6.09
27_noviembre_2025.pdf,nov,11,25,4.78,,6.09
27_noviembre_2025.pdf,nov,11,26,4.83,,6.04
27_noviembre_2025.pdf,nov,11,14,48989.0,65596.0,18144.0
27_noviembre_2025.pdf,nov,11,15,95599.0,60732.0,18132.0
27_noviembre_2025.pdf,nov,11,16,35486.0,0.0,0.0
27_noviembre_2025.pdf,nov,11,17,181239.0,107313.0,66008.0
27_noviembre_2025.pdf,nov,11,18,191152.0,139424.0,16864.0
27_noviembre_2025.pdf,nov,11,19,141224.0,94832.0,23463.0
27_noviembre_2025.pdf,nov,11,20,114633.0,98711.0,9996.0
27_noviembre_2025.pdf,nov,11,21,128586.0,49627.0,12910.0
27_noviembre_2025.pdf,nov,11,22,73602.0,64936.0,6907.0
27_noviembre_2025.pdf,nov,11,23,36941.0,0.0,0.0
27_noviembre_2025.pdf,nov,11,24,139652.0,78437.0,62757.0
27_noviembre_2025.pdf,nov,11,25,179859.0,63620.0,7856.0
27_noviembre_2025.pdf,nov,11,26,123707.0,87614.0,11065.0
27_noviembre_2025.pdf,nov,11,27,,,
27_noviembre_2025.pdf,nov,11,11,4.34,3.7,4.55
27_noviembre_2025.pdf,nov,11,12,4.29,3.7,4.53
27_noviembre_2025.pdf,nov,11,13,4.15,3.7,4.53
27_noviembre_2025.pdf,nov,11,14,4.61,3.7,4.53
27_noviembre_2025.pdf,nov,11,15,4.61,3.7,4.53
27_noviembre_2025.pdf,nov,11,16,3.65,,4.53
27_noviembre_2025.pdf,nov,11,17,4.17,3.7,4.53
27_noviembre_2025.pdf,nov,11,18,4.17,3.9,4.53
27_noviembre_2025.pdf,nov,11,19,4.34,4.0,4.53
27_noviembre_2025.pdf,nov,11,20,4.39,4.0,4.53
27_noviembre_2025.pdf,nov,11,21,4.58,4.1,4.53
27_noviembre_2025.pdf,nov,11,22,4.95,,4.23
27_noviembre_2025.pdf,nov,11,23,4.27,,
27_noviembre_2025.pdf,nov,11,24,4.62,4.5,4.23
27_noviembre_2025.pdf,nov,11,25,4.95,4.7,4.23
27_noviembre_2025.pdf,nov,11,26,5.03,4.8,4.23
27_octubre_2025.pdf,oct,10,14,4.63,,6.04
27_octubre_2025.pdf,oct,10,15,4.6,,5.82
27_octubre_2025.pdf,oct,10,16,4.6,,5.82
27_octubre_2025.pdf,oct,10,17,4.58,,5.93
27_octubre_2025.pdf,oct,10,18,4.58,,5.93
27_octubre_2025.pdf,oct,10,19,4.58,,5.93
27_octubre_2025.pdf,oct,10,20,4.58,,5.89
27_octubre_2025.pdf,oct,10,21,4.68,,5.89
27_octubre_2025.pdf,oct,10,22,4.65,,5.89
27_octubre_2025.pdf,oct,10,23,4.73,,5.89
27_octubre_2025.pdf,oct,10,24,4.73,,5.87
27_octubre_2025.pdf,oct,10,25,4.73,,5.87
27_octubre_2025.pdf,oct,10,26,4.73,,5.87
27_octubre_2025.pdf,oct,10,14,156320.0,90458.0,10150.0
27_octubre_2025.pdf,oct,10,15,119428.0,112073.0,17665.0
27_octubre_2025.pdf,oct,10,16,124307.0,94781.0,28241.0
27_octubre_2025.pdf,oct,10,17,129815.0,87751.0,24652.0
27_octubre_2025.pdf,oct,10,18,129292.0,76806.0,23914.0
27_octubre_2025.pdf,oct,10,19,44368.0,39950.0,0.0
27_octubre_2025.pdf,oct,10,20,125346.0,161282.0,65434.0
27_octubre_2025.pdf,oct,10,21,149528.0,123730.0,10919.0
27_octubre_2025.pdf,oct,10,22,116639.0,108809.0,31824.0
27_octubre_2025.pdf,oct,10,23,131826.0,148207.0,13225.0
27_octubre_2025.pdf,oct,10,24,107015.0,91769.0,7674.0
27_octubre_2025.pdf,oct,10,25,94275.0,73588.0,20936.0
27_octubre_2025.pdf,oct,10,26,37757.0,13043.0,0.0
27_octubre_2025.pdf,oct,10,27,,,
27_octubre_2025.pdf,oct,10,11,4.62,4.1,4.7
27_octubre_2025.pdf,oct,10,12,3.87,,4.7
27_octubre_2025.pdf,oct,10,13,4.23,4.1,4.7
27_octubre_2025.pdf,oct,10,14,4.3,4.1,4.6
27_octubre_2025.pdf,oct,10,15,4.33,4.0,4.45
27_octubre_2025.pdf,oct,10,16,4.34,4.0,4.45
27_octubre_2025.pdf,oct,10,17,4.38,4.0,4.45
27_octubre_2025.pdf,oct,10,18,4.81,4.1,4.45
27_octubre_2025.pdf,oct,10,19,3.95,,4.45
27_octubre_2025.pdf,oct,10,20,4.36,4.1,4.45
27_octubre_2025.pdf,oct,10,21,4.99,4.1,4.45
27_octubre_2025.pdf,oct,10,22,4.49,4.2,4.45
27_octubre_2025.pdf,oct,10,23,4.4,4.3,4.55
27_octubre_2025.pdf,oct,10,24,4.56,,4.55
27_octubre_2025.pdf,oct,10,25,4.85,4.4,4.55
27_octubre_2025.pdf,oct,10,26,4.3,,4.55
28_enero_2026.pdf,ene,1,15,3.9,,
28_enero_2026.pdf,ene,1,16,3.88,,
28_enero_2026.pdf,ene,1,17,3.88,,
28_enero_2026.pdf,ene,1,18,3.88,,
28_enero_2026.pdf,ene,1,19,3.88,,
28_enero_2026.pdf,ene,1,20,3.88,,
28_enero_2026.pdf,ene,1,21,3.88,,
28_enero_2026.pdf,ene,1,22,3.88,,
28_enero_2026.pdf,ene,1,23,3.85,,5.15
28_enero_2026.pdf,ene,1,24,3.83,,5.15
28_enero_2026.pdf,ene,1,25,3.83,,5.15
28_enero_2026.pdf,ene,1,26,4.0,,5.21
28_enero_2026.pdf,ene,1,27,4.25,,5.21
28_enero_2026.pdf,ene,1,15,87203.0,52603.0,19402.0
28_enero_2026.pdf,ene,1,16,85933.0,79502.0,18164.0
28_enero_2026.pdf,ene,1,17,90502.0,71185.0,14207.0
28_enero_2026.pdf,ene,1,18,22935.0,0.0,0.0
28_enero_2026.pdf,ene,1,19,97813.0,138193.0,30214.0
28_enero_2026.pdf,ene,1,20,103100.0,87322.0,9064.0
28_enero_2026.pdf,ene,1,21,104238.0,74992.0,11523.0
28_enero_2026.pdf,ene,1,22,88922.0,67955.0,23264.0
28_enero_2026.pdf,ene,1,23,57029.0,112373.0,12967.0
28_enero_2026.pdf,ene,1,24,78170.0,92753.0,21908.0
28_enero_2026.pdf,ene,1,25,28033.0,0.0,0.0
28_enero_2026.pdf,ene,1,26,128829.0,137474.0,36872.0
28_enero_2026.pdf,ene,1,27,135617.0,121365.0,9579.0
28_enero_2026.pdf,ene,1,28,,,
28_enero_2026.pdf,ene,1,12,3.74,,4.03
28_enero_2026.pdf,ene,1,13,3.76,,4.08
28_enero_2026.pdf,ene,1,14,3.86,,4.08
28_enero_2026.pdf,ene,1,15,3.99,,4.08
28_enero_2026.pdf,ene,1,16,3.96,,4.08
28_enero_2026.pdf,ene,1,17,4.58,,4.08
28_enero_2026.pdf,ene,1,18,3.73,,4.08
28_enero_2026.pdf,ene,1,19,3.58,,4.08
28_enero_2026.pdf,ene,1,20,3.9,,3.6
28_enero_2026.pdf,ene,1,21,3.79,,3.98
28_enero_2026.pdf,ene,1,22,3.94,,3.98
28_enero_2026.pdf,ene,1,23,3.87,,
28_enero_2026.pdf,ene,1,24,3.83,,3.98
28_enero_2026.pdf,ene,1,25,4.27,,3.98
28_enero_2026.pdf,ene,1,26,3.96,,3.85
28_enero_2026.pdf,ene,1,27,4.45,,3.85
28_noviembre_2025.pdf,nov,11,15,4.53,,6.15
28_noviembre_2025.pdf,nov,11,16,4.53,,6.15
28_noviembre_2025.pdf,nov,11,17,4.48,,6.08
28_noviembre_2025.pdf,nov,11,18,4.48,,6.08
28_noviembre_2025.pdf,nov,11,19,4.48,,6.11
28_noviembre_2025.pdf,nov,11,20,4.63,,6.11
28_noviembre_2025.pdf,nov,11,21,4.48,,6.07
28_noviembre_2025.pdf,nov,11,22,4.65,,6.07
28_noviembre_2025.pdf,nov,11,23,4.65,,6.07
28_noviembre_2025.pdf,nov,11,24,4.73,,6.09
28_noviembre_2025.pdf,nov,11,25,4.78,,6.09
28_noviembre_2025.pdf,nov,11,26,4.83,,6.04
28_noviembre_2025.pdf,nov,11,27,5.03,,6.04
28_noviembre_2025.pdf,nov,11,15,95599.0,60732.0,18132.0
28_noviembre_2025.pdf,nov,11,16,35486.0,0.0,0.0
28_noviembre_2025.pdf,nov,11,17,181239.0,107313.0,66008.0
28_noviembre_2025.pdf,nov,11,18,191152.0,139424.0,16864.0
28_noviembre_2025.pdf,nov,11,19,141224.0,94832.0,23463.0
28_noviembre_2025.pdf,nov,11,20,114633.0,98711.0,9996.0
28_noviembre_2025.pdf,nov,11,21,128586.0,49627.0,12910.0
28_noviembre_2025.pdf,nov,11,22,73602.0,64936.0,6907.0
28_noviembre_2025.pdf,nov,11,23,36941.0,0.0,0.0
28_noviembre_2025.pdf,nov,11,24,139652.0,78437.0,62757.0
28_noviembre_2025.pdf,nov,11,25,179859.0,63620.0,7856.0
28_noviembre_2025.pdf,nov,11,26,123707.0,87614.0,11065.0
28_noviembre_2025.pdf,nov,11,27,92509.0,37629.0,3362.0
28_noviembre_2025.pdf,nov,11,28,,,
28_noviembre_2025.pdf,nov,11,12,4.29,3.7,4.53
28_noviembre_2025.pdf,nov,11,13,4.15,3.7,4.53
28_noviembre_2025.pdf,nov,11,14,4.61,3.7,4.53
28_noviembre_2025.pdf,nov,11,15,4.61,3.7,4.53
28_noviembre_2025.pdf,nov,11,16,3.65,,4.53
28_noviembre_2025.pdf,nov,11,17,4.17,3.7,4.53
28_noviembre_2025.pdf,nov,11,18,4.17,3.9,4.53
28_noviembre_2025.pdf,nov,11,19,4.34,4.0,4.53
28_noviembre_2025.pdf,nov,11,20,4.39,4.0,4.53
28_noviembre_2025.pdf,nov,11,21,4.58,4.1,4.53
28_noviembre_2025.pdf,nov,11,22,4.95,,4.23
28_noviembre_2025.pdf,nov,11,23,4.27,,
28_noviembre_2025.pdf,nov,11,24,4.62,4.5,4.23
28_noviembre_2025.pdf,nov,11,25,4.95,4.7,4.23
28_noviembre_2025.pdf,nov,11,26,5.03,4.8,4.23
28_noviembre_2025.pdf,nov,11,27,5.17,5.0,4.23
28_octubre_2025.pdf,oct,10,15,4.6,,5.82
28_octubre_2025.pdf,oct,10,16,4.6,,5.82
28_octubre_2025.pdf,oct,10,17,4.58,,5.93
28_octubre_2025.pdf,oct,10,18,4.58,,5.93
28_octubre_2025.pdf,oct,10,19,4.58,,5.93
28_octubre_2025.pdf,oct,10,20,4.58,,5.89
28_octubre_2025.pdf,oct,10,21,4.68,,5.89
28_octubre_2025.pdf,oct,10,22,4.65,,5.89
28_octubre_2025.pdf,oct,10,23,4.73,,5.89
28_octubre_2025.pdf,oct,10,24,4.73,,5.87
28_octubre_2025.pdf,oct,10,25,4.73,,5.87
28_octubre_2025.pdf,oct,10,26,4.73,,5.87
28_octubre_2025.pdf,oct,10,27,4.73,,6.06
28_octubre_2025.pdf,oct,10,15,119428.0,112073.0,17665.0
28_octubre_2025.pdf,oct,10,16,124307.0,94781.0,28241.0
28_octubre_2025.pdf,oct,10,17,129815.0,87751.0,24652.0
28_octubre_2025.pdf,oct,10,18,129292.0,76806.0,23914.0
28_octubre_2025.pdf,oct,10,19,44368.0,39950.0,0.0
28_octubre_2025.pdf,oct,10,20,125346.0,161282.0,65434.0
28_octubre_2025.pdf,oct,10,21,149528.0,123730.0,10919.0
28_octubre_2025.pdf,oct,10,22,116639.0,108809.0,31824.0
28_octubre_2025.pdf,oct,10,23,131826.0,148207.0,13225.0
28_octubre_2025.pdf,oct,10,24,107015.0,91769.0,7674.0
28_octubre_2025.pdf,oct,10,25,94275.0,73588.0,20936.0
28_octubre_2025.pdf,oct,10,26,37757.0,13043.0,0.0
28_octubre_2025.pdf,oct,10,27,136600.0,123066.0,53975.0
28_octubre_2025.pdf,oct,10,28,,,
28_octubre_2025.pdf,oct,10,12,3.87,,4.7
28_octubre_2025.pdf,oct,10,13,4.23,4.1,4.7
28_octubre_2025.pdf,oct,10,14,4.3,4.1,4.6
28_octubre_2025.pdf,oct,10,15,4.33,4.0,4.45
28_octubre_2025.pdf,oct,10,16,4.34,4.0,4.45
28_octubre_2025.pdf,oct,10,17,4.38,4.0,4.45
28_octubre_2025.pdf,oct,10,18,4.81,4.1,4.45
28_octubre_2025.pdf,oct,10,19,3.95,,4.45
28_octubre_2025.pdf,oct,10,20,4.36,4.1,4.45
28_octubre_2025.pdf,oct,10,21,4.99,4.1,4.45
28_octubre_2025.pdf,oct,10,22,4.49,4.2,4.45
28_octubre_2025.pdf,oct,10,23,4.4,4.3,4.55
28_octubre_2025.pdf,oct,10,24,4.56,,4.55
28_octubre_2025.pdf,oct,10,25,4.85,4.4,4.55
28_octubre_2025.pdf,oct,10,26,4.3,,4.55
28_octubre_2025.pdf,oct,10,27,4.67,4.4,4.55
29_diciembre_2025.pdf,dic,12,16,5.2,,6.87
29_diciembre_2025.pdf,dic,12,17,4.9,,6.75
29_diciembre_2025.pdf,dic,12,18,4.7,,6.75
29_diciembre_2025.pdf,dic,12,19,4.53,,6.56
29_diciembre_2025.pdf,dic,12,20,4.33,,6.56
29_diciembre_2025.pdf,dic,12,21,4.33,,6.56
29_diciembre_2025.pdf,dic,12,22,4.05,,6.34
29_diciembre_2025.pdf,dic,12,23,3.98,,6.34
29_diciembre_2025.pdf,dic,12,24,3.85,,6.11
29_diciembre_2025.pdf,dic,12,25,3.85,,6.11
29_diciembre_2025.pdf,dic,12,26,3.85,,6.03
29_diciembre_2025.pdf,dic,12,27,4.08,,6.03
29_diciembre_2025.pdf,dic,12,28,4.08,,6.03
29_diciembre_2025.pdf,dic,12,16,123310.0,53334.0,10522.0
29_diciembre_2025.pdf,dic,12,17,53046.0,0.0,0.0
29_diciembre_2025.pdf,dic,12,18,68636.0,40584.0,28311.0
29_diciembre_2025.pdf,dic,12,19,38720.0,0.0,0.0
29_diciembre_2025.pdf,dic,12,20,78271.0,58593.0,9371.0
29_diciembre_2025.pdf,dic,12,21,21493.0,0.0,0.0
29_diciembre_2025.pdf,dic,12,22,97037.0,98341.0,44731.0
29_diciembre_2025.pdf,dic,12,23,109381.0,75334.0,5666.0
29_diciembre_2025.pdf,dic,12,24,74112.0,37168.0,14223.0
29_diciembre_2025.pdf,dic,12,25,32038.0,0.0,0.0
29_diciembre_2025.pdf,dic,12,26,104133.0,141197.0,21128.0
29_diciembre_2025.pdf,dic,12,27,27743.0,0.0,0.0
29_diciembre_2025.pdf,dic,12,28,36549.0,0.0,0.0
29_diciembre_2025.pdf,dic,12,29,,,
29_diciembre_2025.pdf,dic,12,13,5.47,3.8,6.23
29_diciembre_2025.pdf,dic,12,14,4.26,,6.23
29_diciembre_2025.pdf,dic,12,15,4.86,3.4,6.23
29_diciembre_2025.pdf,dic,12,16,4.39,3.4,6.23
29_diciembre_2025.pdf,dic,12,17,3.76,3.1,6.23
29_diciembre_2025.pdf,dic,12,18,4.07,,5.13
29_diciembre_2025.pdf,dic,12,19,3.47,,5.13
29_diciembre_2025.pdf,dic,12,20,4.2,,5.13
29_diciembre_2025.pdf,dic,12,21,3.82,,5.13
29_diciembre_2025.pdf,dic,12,22,3.72,,5.13
29_diciembre_2025.pdf,dic,12,23,3.84,,5.13
29_diciembre_2025.pdf,dic,12,24,4.01,,5.13
29_diciembre_2025.pdf,dic,12,25,2.99,,
29_diciembre_2025.pdf,dic,12,26,3.35,,4.03
29_diciembre_2025.pdf,dic,12,27,4.03,,
29_diciembre_2025.pdf,dic,12,28,3.76,,4.03
29_octubre_2025.pdf,oct,10,16,4.6,,5.82
29_octubre_2025.pdf,oct,10,17,4.58,,5.93
29_octubre_2025.pdf,oct,10,18,4.58,,5.93
29_octubre_2025.pdf,oct,10,19,4.58,,5.93
29_octubre_2025.pdf,oct,10,20,4.58,,5.89
29_octubre_2025.pdf,oct,10,21,4.68,,5.89
29_octubre_2025.pdf,oct,10,22,4.65,,5.89
29_octubre_2025.pdf,oct,10,23,4.73,,5.89
29_octubre_2025.pdf,oct,10,24,4.73,,5.87
29_octubre_2025.pdf,oct,10,25,4.73,,5.87
29_octubre_2025.pdf,oct,10,26,4.73,,5.87
29_octubre_2025.pdf,oct,10,27,4.73,,6.06
29_octubre_2025.pdf,oct,10,28,4.73,,6.06
29_octubre_2025.pdf,oct,10,16,124307.0,94781.0,28241.0
29_octubre_2025.pdf,oct,10,17,129815.0,87751.0,24652.0
29_octubre_2025.pdf,oct,10,18,129292.0,76806.0,23914.0
29_octubre_2025.pdf,oct,10,19,44368.0,39950.0,0.0
29_octubre_2025.pdf,oct,10,20,125346.0,161282.0,65434.0
29_octubre_2025.pdf,oct,10,21,149528.0,123730.0,10919.0
29_octubre_2025.pdf,oct,10,22,116639.0,108809.0,31824.0
29_octubre_2025.pdf,oct,10,23,131826.0,148207.0,13225.0
29_octubre_2025.pdf,oct,10,24,107015.0,91769.0,7674.0
29_octubre_2025.pdf,oct,10,25,94275.0,73588.0,20936.0
29_octubre_2025.pdf,oct,10,26,37757.0,13043.0,0.0
29_octubre_2025.pdf,oct,10,27,136600.0,123066.0,53975.0
29_octubre_2025.pdf,oct,10,28,143049.0,41950.0,15659.0
29_octubre_2025.pdf,oct,10,29,,,
29_octubre_2025.pdf,oct,10,13,4.23,4.1,4.7
29_octubre_2025.pdf,oct,10,14,4.3,4.1,4.6
29_octubre_2025.pdf,oct,10,15,4.33,4.0,4.45
29_octubre_2025.pdf,oct,10,16,4.34,4.0,4.45
29_octubre_2025.pdf,oct,10,17,4.38,4.0,4.45
29_octubre_2025.pdf,oct,10,18,4.81,4.1,4.45
29_octubre_2025.pdf,oct,10,19,3.95,,4.45
29_octubre_2025.pdf,oct,10,20,4.36,4.1,4.45
29_octubre_2025.pdf,oct,10,21,4.99,4.1,4.45
29_octubre_2025.pdf,oct,10,22,4.49,4.2,4.45
29_octubre_2025.pdf,oct,10,23,4.4,4.3,4.55
29_octubre_2025.pdf,oct,10,24,4.56,4.3,4.55
29_octubre_2025.pdf,oct,10,25,4.85,4.4,4.55
29_octubre_2025.pdf,oct,10,26,4.3,,4.55
29_octubre_2025.pdf,oct,10,27,4.67,4.4,4.55
29_octubre_2025.pdf,oct,10,28,4.78,4.6,4.55
29_setiembre_2025.pdf,sep,9,16,5.28,,6.52
29_setiembre_2025.pdf,sep,9,17,5.28,,6.53
29_setiembre_2025.pdf,sep,9,18,5.3,,6.53
29_setiembre_2025.pdf,sep,9,19,5.38,,6.56
29_setiembre_2025.pdf,sep,9,20,5.38,,6.56
29_setiembre_2025.pdf,sep,9,21,5.38,,6.56
29_setiembre_2025.pdf,sep,9,22,5.38,,6.51
29_setiembre_2025.pdf,sep,9,23,5.3,,6.51
29_setiembre_2025.pdf,sep,9,24,5.18,,6.5
29_setiembre_2025.pdf,sep,9,25,5.18,,6.5
29_setiembre_2025.pdf,sep,9,26,5.18,,6.4
29_setiembre_2025.pdf,sep,9,27,5.18,,6.4
29_setiembre_2025.pdf,sep,9,28,5.18,,6.4
29_setiembre_2025.pdf,sep,9,16,143524.0,132560.0,20358.0
29_setiembre_2025.pdf,sep,9,17,132460.0,89203.0,10312.0
29_setiembre_2025.pdf,sep,9,18,109177.0,52134.0,32725.0
29_setiembre_2025.pdf,sep,9,19,90452.0,33229.0,18902.0
29_setiembre_2025.pdf,sep,9,20,91438.0,49520.0,7002.0
29_setiembre_2025.pdf,sep,9,21,32105.0,0.0,0.0
29_setiembre_2025.pdf,sep,9,22,145952.0,63812.0,39027.0
29_setiembre_2025.pdf,sep,9,23,109363.0,103601.0,17831.0
29_setiembre_2025.pdf,sep,9,24,109239.0,62465.0,19182.0
29_setiembre_2025.pdf,sep,9,25,109098.0,61000.0,29172.0
29_setiembre_2025.pdf,sep,9,26,114690.0,68789.0,15954.0
29_setiembre_2025.pdf,sep,9,27,128751.0,75732.0,5981.0
29_setiembre_2025.pdf,sep,9,28,23548.0,23030.0,0.0
29_setiembre_2025.pdf,sep,9,29,,,
29_setiembre_2025.pdf,sep,9,13,5.11,4.7,5.1
29_setiembre_2025.pdf,sep,9,14,4.8,,5.1
29_setiembre_2025.pdf,sep,9,15,5.14,4.9,5.1
29_setiembre_2025.pdf,sep,9,16,5.29,4.9,5.1
29_setiembre_2025.pdf,sep,9,17,5.25,4.9,5.2
29_setiembre_2025.pdf,sep,9,18,5.25,4.9,5.2
29_setiembre_2025.pdf,sep,9,19,5.29,4.9,5.2
29_setiembre_2025.pdf,sep,9,20,5.56,4.9,5.2
29_setiembre_2025.pdf,sep,9,21,4.88,,5.3
29_setiembre_2025.pdf,sep,9,22,5.1,4.7,5.3
29_setiembre_2025.pdf,sep,9,23,5.06,4.7,5.3
29_setiembre_2025.pdf,sep,9,24,4.98,4.7,5.3
29_setiembre_2025.pdf,sep,9,25,4.89,4.6,5.3
29_setiembre_2025.pdf,sep,9,26,4.96,4.5,5.3
29_setiembre_2025.pdf,sep,9,27,5.21,4.4,5.1
29_setiembre_2025.pdf,sep,9,28,4.6,,5.1
30_diciembre_2025.pdf,dic,12,17,4.9,,6.75
30_diciembre_2025.pdf,dic,12,18,4.7,,6.75
30_diciembre_2025.pdf,dic,12,19,4.53,,6.56
30_diciembre_2025.pdf,dic,12,20,4.33,,6.56
30_diciembre_2025.pdf,dic,12,21,4.33,,6.56
30_diciembre_2025.pdf,dic,12,22,4.05,,6.34
30_diciembre_2025.pdf,dic,12,23,3.98,,6.34
30_diciembre_2025.pdf,dic,12,24,3.85,,6.11
30_diciembre_2025.pdf,dic,12,26,3.85,,6.03
30_diciembre_2025.pdf,dic,12,27,4.08,,6.03
30_diciembre_2025.pdf,dic,12,28,4.08,,6.03
30_diciembre_2025.pdf,dic,12,29,4.13,,5.86
30_diciembre_2025.pdf,dic,12,17,53046.0,0.0,0.0
30_diciembre_2025.pdf,dic,12,18,68636.0,40584.0,28311.0
30_diciembre_2025.pdf,dic,12,19,38720.0,0.0,0.0
30_diciembre_2025.pdf,dic,12,20,78271.0,58593.0,9371.0
30_diciembre_2025.pdf,dic,12,21,21493.0,0.0,0.0
30_diciembre_2025.pdf,dic,12,22,97037.0,98341.0,44731.0
30_diciembre_2025.pdf,dic,12,23,109381.0,75334.0,5666.0
30_diciembre_2025.pdf,dic,12,24,74112.0,37168.0,14223.0
30_diciembre_2025.pdf,dic,12,25,32038.0,0.0,0.0
30_diciembre_2025.pdf,dic,12,26,140421.0,141197.0,21128.0
30_diciembre_2025.pdf,dic,12,27,54959.0,0.0,7560.0
30_diciembre_2025.pdf,dic,12,28,36549.0,0.0,0.0
30_diciembre_2025.pdf,dic,12,29,73954.0,0.0,10584.0
30_diciembre_2025.pdf,dic,12,30,,,
30_diciembre_2025.pdf,dic,12,14,4.26,,6.23
30_diciembre_2025.pdf,dic,12,15,4.86,3.4,6.23
30_diciembre_2025.pdf,dic,12,16,4.39,3.4,6.23
30_diciembre_2025.pdf,dic,12,17,3.76,3.1,6.23
30_diciembre_2025.pdf,dic,12,18,4.07,,5.13
30_diciembre_2025.pdf,dic,12,19,3.47,,5.13
30_diciembre_2025.pdf,dic,12,20,4.2,,5.13
30_diciembre_2025.pdf,dic,12,21,3.82,,5.13
30_diciembre_2025.pdf,dic,12,22,3.72,,5.13
30_diciembre_2025.pdf,dic,12,23,3.84,,5.13
30_diciembre_2025.pdf,dic,12,24,4.01,,5.13
30_diciembre_2025.pdf,dic,12,25,2.99,,
30_diciembre_2025.pdf,dic,12,26,3.35,2.6,4.03
30_diciembre_2025.pdf,dic,12,27,2.8,,4.03
30_diciembre_2025.pdf,dic,12,28,3.76,,4.03
30_diciembre_2025.pdf,dic,12,29,3.35,4.1,4.03
30_enero_2026.pdf,ene,1,17,3.88,,
30_enero_2026.pdf,ene,1,18,3.88,,
30_enero_2026.pdf,ene,1,19,3.88,,
30_enero_2026.pdf,ene,1,20,3.88,,
30_enero_2026.pdf,ene,1,21,3.88,,
30_enero_2026.pdf,ene,1,22,3.88,,
30_enero_2026.pdf,ene,1,23,3.85,,5.15
30_enero_2026.pdf,ene,1,24,3.83,,5.15
30_enero_2026.pdf,ene,1,25,3.83,,5.15
30_enero_2026.pdf,ene,1,26,4.0,,5.21
30_enero_2026.pdf,ene,1,27,4.25,,5.21
30_enero_2026.pdf,ene,1,28,4.35,,5.47
30_enero_2026.pdf,ene,1,29,4.35,,5.47
30_enero_2026.pdf,ene,1,17,90502.0,71185.0,14207.0
30_enero_2026.pdf,ene,1,18,22935.0,0.0,0.0
30_enero_2026.pdf,ene,1,19,97813.0,138193.0,30214.0
30_enero_2026.pdf,ene,1,20,103100.0,87322.0,9064.0
30_enero_2026.pdf,ene,1,21,104238.0,74992.0,11523.0
30_enero_2026.pdf,ene,1,22,88922.0,67955.0,23264.0
30_enero_2026.pdf,ene,1,23,57029.0,112373.0,12967.0
30_enero_2026.pdf,ene,1,24,78170.0,92753.0,21908.0
30_enero_2026.pdf,ene,1,25,28033.0,0.0,0.0
30_enero_2026.pdf,ene,1,26,128829.0,137474.0,36872.0
30_enero_2026.pdf,ene,1,27,135617.0,121365.0,9579.0
30_enero_2026.pdf,ene,1,28,130090.0,109480.0,8444.0
30_enero_2026.pdf,ene,1,29,98796.0,70510.0,15675.0
30_enero_2026.pdf,ene,1,30,,,
30_enero_2026.pdf,ene,1,14,3.86,,4.08
30_enero_2026.pdf,ene,1,15,3.99,,4.08
30_enero_2026.pdf,ene,1,16,3.96,,4.08
30_enero_2026.pdf,ene,1,17,4.58,,4.08
30_enero_2026.pdf,ene,1,18,3.73,,4.08
30_enero_2026.pdf,ene,1,19,3.58,,4.08
30_enero_2026.pdf,ene,1,20,3.9,,3.6
30_enero_2026.pdf,ene,1,21,3.79,,3.98
30_enero_2026.pdf,ene,1,22,3.94,,3.98
30_enero_2026.pdf,ene,1,23,3.87,,
30_enero_2026.pdf,ene,1,24,3.83,,3.98
30_enero_2026.pdf,ene,1,25,4.27,,3.98
30_enero_2026.pdf,ene,1,26,3.96,,3.85
30_enero_2026.pdf,ene,1,27,4.45,,3.85
30_enero_2026.pdf,ene,1,28,4.37,,3.9
30_enero_2026.pdf,ene,1,29,4.58,,4.17
30_marzo_2026.pdf,mar,3,17,6.4,,7.56
30_marzo_2026.pdf,mar,3,18,6.4,,7.59
30_marzo_2026.pdf,mar,3,19,6.45,,7.59
30_marzo_2026.pdf,mar,3,20,6.4,,7.69
30_marzo_2026.pdf,mar,3,21,6.4,,7.69
30_marzo_2026.pdf,mar,3,22,6.4,,7.69
30_marzo_2026.pdf,mar,3,23,6.4,,7.64
30_marzo_2026.pdf,mar,3,24,6.4,,7.64
30_marzo_2026.pdf,mar,3,25,6.35,,7.59
30_marzo_2026.pdf,mar,3,26,6.28,,7.59
30_marzo_2026.pdf,mar,3,27,6.25,,7.53
30_marzo_2026.pdf,mar,3,28,6.25,,7.53
30_marzo_2026.pdf,mar,3,29,6.25,,7.53
30_marzo_2026.pdf,mar,3,17,124385.0,61464.0,6938.0
30_marzo_2026.pdf,mar,3,18,149386.0,82572.0,4805.0
30_marzo_2026.pdf,mar,3,19,87790.0,76524.0,16921.0
30_marzo_2026.pdf,mar,3,20,118632.0,61890.0,13448.0
30_marzo_2026.pdf,mar,3,21,76631.0,34842.0,13826.0
30_marzo_2026.pdf,mar,3,22,31727.0,0.0,0.0
30_marzo_2026.pdf,mar,3,23,91978.0,0.0,0.0
30_marzo_2026.pdf,mar,3,24,214696.0,80781.0,8620.0
30_marzo_2026.pdf,mar,3,25,122540.0,65442.0,11119.0
30_marzo_2026.pdf,mar,3,26,129606.0,137827.0,8075.0
30_marzo_2026.pdf,mar,3,27,156113.0,79156.0,16041.0
30_marzo_2026.pdf,mar,3,28,46662.0,40185.0,0.0
30_marzo_2026.pdf,mar,3,29,35028.0,34428.0,0.0
30_marzo_2026.pdf,mar,3,30,0.0,,
30_marzo_2026.pdf,mar,3,14,7.12,5.85,6.09
30_marzo_2026.pdf,mar,3,15,6.31,,6.38
30_marzo_2026.pdf,mar,3,16,6.49,6.0,6.12
30_marzo_2026.pdf,mar,3,17,6.67,5.78,6.68
30_marzo_2026.pdf,mar,3,18,6.53,5.8,6.27
30_marzo_2026.pdf,mar,3,19,6.39,,6.27
30_marzo_2026.pdf,mar,3,20,6.3,5.57,6.68
30_marzo_2026.pdf,mar,3,21,6.71,,6.68
30_marzo_2026.pdf,mar,3,22,5.95,,6.68
30_marzo_2026.pdf,mar,3,23,5.87,5.25,6.17
30_marzo_2026.pdf,mar,3,24,5.97,5.3,6.17
30_marzo_2026.pdf,mar,3,25,5.99,5.2,5.56
30_marzo_2026.pdf,mar,3,26,5.89,5.2,6.07
30_marzo_2026.pdf,mar,3,27,5.92,,6.0
30_marzo_2026.pdf,mar,3,28,5.97,,
30_marzo_2026.pdf,mar,3,29,5.47,,5.97
30_octubre_2025.pdf,oct,10,17,4.58,,5.93
30_octubre_2025.pdf,oct,10,18,4.58,,5.93
30_octubre_2025.pdf,oct,10,19,4.58,,5.93
30_octubre_2025.pdf,oct,10,20,4.58,,5.89
30_octubre_2025.pdf,oct,10,21,4.68,,5.89
30_octubre_2025.pdf,oct,10,22,4.65,,5.89
30_octubre_2025.pdf,oct,10,23,4.73,,5.89
30_octubre_2025.pdf,oct,10,24,4.73,,5.87
30_octubre_2025.pdf,oct,10,25,4.73,,5.87
30_octubre_2025.pdf,oct,10,26,4.73,,5.87
30_octubre_2025.pdf,oct,10,27,4.73,,6.06
30_octubre_2025.pdf,oct,10,28,4.73,,6.06
30_octubre_2025.pdf,oct,10,29,4.8,,6.02
30_octubre_2025.pdf,oct,10,17,129815.0,87751.0,24652.0
30_octubre_2025.pdf,oct,10,18,129292.0,76806.0,23914.0
30_octubre_2025.pdf,oct,10,19,44368.0,39950.0,0.0
30_octubre_2025.pdf,oct,10,20,125346.0,161282.0,65434.0
30_octubre_2025.pdf,oct,10,21,149528.0,123730.0,10919.0
30_octubre_2025.pdf,oct,10,22,116639.0,108809.0,31824.0
30_octubre_2025.pdf,oct,10,23,131826.0,148207.0,13225.0
30_octubre_2025.pdf,oct,10,24,107015.0,91769.0,7674.0
30_octubre_2025.pdf,oct,10,25,94275.0,73588.0,20936.0
30_octubre_2025.pdf,oct,10,26,37757.0,13043.0,0.0
30_octubre_2025.pdf,oct,10,27,136600.0,123066.0,53975.0
30_octubre_2025.pdf,oct,10,28,143049.0,41950.0,15659.0
30_octubre_2025.pdf,oct,10,29,132777.0,110764.0,16146.0
30_octubre_2025.pdf,oct,10,30,,,
30_octubre_2025.pdf,oct,10,14,4.3,4.1,4.6
30_octubre_2025.pdf,oct,10,15,4.33,4.0,4.45
30_octubre_2025.pdf,oct,10,16,4.34,4.0,4.45
30_octubre_2025.pdf,oct,10,17,4.38,4.0,4.45
30_octubre_2025.pdf,oct,10,18,4.81,4.1,4.45
30_octubre_2025.pdf,oct,10,19,3.95,,4.45
30_octubre_2025.pdf,oct,10,20,4.36,4.1,4.45
30_octubre_2025.pdf,oct,10,21,4.99,4.1,4.45
30_octubre_2025.pdf,oct,10,22,4.49,4.2,4.45
30_octubre_2025.pdf,oct,10,23,4.4,4.3,4.55
30_octubre_2025.pdf,oct,10,24,4.56,4.3,4.55
30_octubre_2025.pdf,oct,10,25,4.85,4.4,4.55
30_octubre_2025.pdf,oct,10,26,4.3,,4.55
30_octubre_2025.pdf,oct,10,27,4.67,4.4,4.55
30_octubre_2025.pdf,oct,10,28,4.78,4.6,4.55
30_octubre_2025.pdf,oct,10,29,4.8,4.6,4.55
30_setiembre_2024.pdf,sep,9,17,5.28,,6.53
30_setiembre_2024.pdf,sep,9,18,5.3,,6.53
30_setiembre_2024.pdf,sep,9,19,5.38,,6.56
30_setiembre_2024.pdf,sep,9,20,5.38,,6.56
30_setiembre_2024.pdf,sep,9,21,5.38,,6.56
30_setiembre_2024.pdf,sep,9,22,5.38,,6.51
30_setiembre_2024.pdf,sep,9,23,5.3,,6.51
30_setiembre_2024.pdf,sep,9,24,5.18,,6.5
30_setiembre_2024.pdf,sep,9,25,5.18,,6.5
30_setiembre_2024.pdf,sep,9,26,5.18,,6.4
30_setiembre_2024.pdf,sep,9,27,5.18,,6.4
30_setiembre_2024.pdf,sep,9,28,5.18,,6.4
30_setiembre_2024.pdf,sep,9,29,5.13,,6.44
30_setiembre_2024.pdf,sep,9,17,132460.0,89203.0,10312.0
30_setiembre_2024.pdf,sep,9,18,109177.0,52134.0,32725.0
30_setiembre_2024.pdf,sep,9,19,90452.0,33229.0,18902.0
30_setiembre_2024.pdf,sep,9,20,91438.0,49520.0,7002.0
30_setiembre_2024.pdf,sep,9,21,32105.0,0.0,0.0
30_setiembre_2024.pdf,sep,9,22,145952.0,63812.0,39027.0
30_setiembre_2024.pdf,sep,9,23,109363.0,103601.0,17831.0
30_setiembre_2024.pdf,sep,9,24,109239.0,62465.0,19182.0
30_setiembre_2024.pdf,sep,9,25,109098.0,61000.0,29172.0
30_setiembre_2024.pdf,sep,9,26,114690.0,68789.0,15954.0
30_setiembre_2024.pdf,sep,9,27,128751.0,75732.0,5981.0
30_setiembre_2024.pdf,sep,9,28,23548.0,23030.0,0.0
30_setiembre_2024.pdf,sep,9,29,143966.0,106549.0,51092.0
30_setiembre_2024.pdf,sep,9,30,,,
30_setiembre_2024.pdf,sep,9,14,4.8,,5.1
30_setiembre_2024.pdf,sep,9,15,5.14,4.9,5.1
30_setiembre_2024.pdf,sep,9,16,5.29,4.9,5.1
30_setiembre_2024.pdf,sep,9,17,5.25,4.9,5.2
30_setiembre_2024.pdf,sep,9,18,5.25,4.9,5.2
30_setiembre_2024.pdf,sep,9,19,5.29,4.9,5.2
30_setiembre_2024.pdf,sep,9,20,5.56,4.9,5.2
30_setiembre_2024.pdf,sep,9,21,4.88,,5.3
30_setiembre_2024.pdf,sep,9,22,5.1,4.7,5.3
30_setiembre_2024.pdf,sep,9,23,5.06,4.7,5.3
30_setiembre_2024.pdf,sep,9,24,4.98,4.7,5.3
30_setiembre_2024.pdf,sep,9,25,4.89,4.6,5.3
30_setiembre_2024.pdf,sep,9,26,4.96,4.5,5.3
30_setiembre_2024.pdf,sep,9,27,5.21,4.4,5.1
30_setiembre_2024.pdf,sep,9,28,4.6,,5.1
30_setiembre_2024.pdf,sep,9,29,4.9,4.4,5.1
31_diciembre_2025.pdf,dic,12,18,4.7,,6.75
31_diciembre_2025.pdf,dic,12,19,4.53,,6.56
31_diciembre_2025.pdf,dic,12,20,4.33,,6.56
31_diciembre_2025.pdf,dic,12,21,4.33,,6.56
31_diciembre_2025.pdf,dic,12,22,4.05,,6.34
31_diciembre_2025.pdf,dic,12,23,3.98,,6.34
31_diciembre_2025.pdf,dic,12,24,3.85,,6.11
31_diciembre_2025.pdf,dic,12,26,3.85,,6.03
31_diciembre_2025.pdf,dic,12,27,4.08,,6.03
31_diciembre_2025.pdf,dic,12,28,4.08,,6.03
31_diciembre_2025.pdf,dic,12,29,4.13,,5.86
31_diciembre_2025.pdf,dic,12,30,4.45,,5.86
31_diciembre_2025.pdf,dic,12,18,68636.0,40584.0,28311.0
31_diciembre_2025.pdf,dic,12,19,38720.0,0.0,0.0
31_diciembre_2025.pdf,dic,12,20,78271.0,58593.0,9371.0
31_diciembre_2025.pdf,dic,12,21,21493.0,0.0,0.0
31_diciembre_2025.pdf,dic,12,22,97037.0,98341.0,44731.0
31_diciembre_2025.pdf,dic,12,23,109381.0,75334.0,5666.0
31_diciembre_2025.pdf,dic,12,24,74112.0,37168.0,14223.0
31_diciembre_2025.pdf,dic,12,25,32038.0,0.0,0.0
31_diciembre_2025.pdf,dic,12,26,140421.0,141197.0,21128.0
31_diciembre_2025.pdf,dic,12,27,54959.0,0.0,7560.0
31_diciembre_2025.pdf,dic,12,28,36549.0,0.0,0.0
31_diciembre_2025.pdf,dic,12,29,121005.0,117589.0,61617.0
31_diciembre_2025.pdf,dic,12,30,113769.0,76579.0,12561.0
31_diciembre_2025.pdf,dic,12,31,,,
31_diciembre_2025.pdf,dic,12,15,4.86,3.4,6.23
31_diciembre_2025.pdf,dic,12,16,4.39,3.4,6.23
31_diciembre_2025.pdf,dic,12,17,3.76,3.1,6.23
31_diciembre_2025.pdf,dic,12,18,4.07,,5.13
31_diciembre_2025.pdf,dic,12,19,3.47,,5.13
31_diciembre_2025.pdf,dic,12,20,4.2,,5.13
31_diciembre_2025.pdf,dic,12,21,3.82,,5.13
31_diciembre_2025.pdf,dic,12,22,3.72,,5.13
31_diciembre_2025.pdf,dic,12,23,3.84,,5.13
31_diciembre_2025.pdf,dic,12,24,4.01,,5.13
31_diciembre_2025.pdf,dic,12,25,2.99,,
31_diciembre_2025.pdf,dic,12,26,3.35,2.6,4.03
31_diciembre_2025.pdf,dic,12,27,2.8,,4.03
31_diciembre_2025.pdf,dic,12,28,3.76,,4.03
31_diciembre_2025.pdf,dic,12,29,3.64,4.1,4.03
31_diciembre_2025.pdf,dic,12,30,4.35,,4.03
31_marzo_2026.pdf,mar,3,18,6.4,,7.59
31_marzo_2026.pdf,mar,3,19,6.45,,7.59
31_marzo_2026.pdf,mar,3,20,6.4,,7.69
31_marzo_2026.pdf,mar,3,21,6.4,,7.69
31_marzo_2026.pdf,mar,3,22,6.4,,7.69
31_marzo_2026.pdf,mar,3,23,6.4,,7.64
31_marzo_2026.pdf,mar,3,24,6.4,,7.64
31_marzo_2026.pdf,mar,3,25,6.35,,7.59
31_marzo_2026.pdf,mar,3,26,6.28,,7.59
31_marzo_2026.pdf,mar,3,27,6.25,,7.53
31_marzo_2026.pdf,mar,3,28,6.25,,7.53
31_marzo_2026.pdf,mar,3,29,6.25,,7.53
31_marzo_2026.pdf,mar,3,30,6.18,,7.45
31_marzo_2026.pdf,mar,3,18,149386.0,82572.0,4805.0
31_marzo_2026.pdf,mar,3,19,87790.0,76524.0,16921.0
31_marzo_2026.pdf,mar,3,20,118632.0,61890.0,13448.0
31_marzo_2026.pdf,mar,3,21,76631.0,34842.0,13826.0
31_marzo_2026.pdf,mar,3,22,31727.0,0.0,0.0
31_marzo_2026.pdf,mar,3,23,91978.0,0.0,0.0
31_marzo_2026.pdf,mar,3,24,214696.0,80781.0,8620.0
31_marzo_2026.pdf,mar,3,25,122540.0,65442.0,11119.0
31_marzo_2026.pdf,mar,3,26,129606.0,137827.0,8075.0
31_marzo_2026.pdf,mar,3,27,156113.0,79156.0,16041.0
31_marzo_2026.pdf,mar,3,28,100245.0,103792.0,7442.0
31_marzo_2026.pdf,mar,3,29,35028.0,34428.0,0.0
31_marzo_2026.pdf,mar,3,30,198524.0,115340.0,48429.0
31_marzo_2026.pdf,mar,3,31,0.0,,
31_marzo_2026.pdf,mar,3,15,6.31,,6.38
31_marzo_2026.pdf,mar,3,16,6.49,6.0,6.12
31_marzo_2026.pdf,mar,3,17,6.67,5.78,6.68
31_marzo_2026.pdf,mar,3,18,6.53,5.8,6.27
31_marzo_2026.pdf,mar,3,19,6.39,,6.27
31_marzo_2026.pdf,mar,3,20,6.3,5.57,6.68
31_marzo_2026.pdf,mar,3,21,6.71,,6.68
31_marzo_2026.pdf,mar,3,22,5.95,,6.68
31_marzo_2026.pdf,mar,3,23,5.87,5.25,6.17
31_marzo_2026.pdf,mar,3,24,5.97,5.3,6.17
31_marzo_2026.pdf,mar,3,25,5.99,5.2,5.56
31_marzo_2026.pdf,mar,3,26,5.89,5.2,6.07
31_marzo_2026.pdf,mar,3,27,5.92,,6.0
31_marzo_2026.pdf,mar,3,28,6.33,,5.97
31_marzo_2026.pdf,mar,3,29,5.47,,5.97
31_marzo_2026.pdf,mar,3,30,5.88,4.88,5.97
31_octubre_2025.pdf,oct,10,18,4.58,,5.93
31_octubre_2025.pdf,oct,10,19,4.58,,5.93
31_octubre_2025.pdf,oct,10,20,4.58,,5.89
31_octubre_2025.pdf,oct,10,21,4.68,,5.89
31_octubre_2025.pdf,oct,10,22,4.65,,5.89
31_octubre_2025.pdf,oct,10,23,4.73,,5.89
31_octubre_2025.pdf,oct,10,24,4.73,,5.87
31_octubre_2025.pdf,oct,10,25,4.73,,5.87
31_octubre_2025.pdf,oct,10,26,4.73,,5.87
31_octubre_2025.pdf,oct,10,27,4.73,,6.06
31_octubre_2025.pdf,oct,10,28,4.73,,6.06
31_octubre_2025.pdf,oct,10,29,4.8,,6.02
31_octubre_2025.pdf,oct,10,30,4.8,,6.02
31_octubre_2025.pdf,oct,10,18,129292.0,76806.0,23914.0
31_octubre_2025.pdf,oct,10,19,44368.0,39950.0,0.0
31_octubre_2025.pdf,oct,10,20,125346.0,161282.0,65434.0
31_octubre_2025.pdf,oct,10,21,149528.0,123730.0,10919.0
31_octubre_2025.pdf,oct,10,22,116639.0,108809.0,31824.0
31_octubre_2025.pdf,oct,10,23,131826.0,148207.0,13225.0
31_octubre_2025.pdf,oct,10,24,107015.0,91769.0,7674.0
31_octubre_2025.pdf,oct,10,25,94275.0,73588.0,20936.0
31_octubre_2025.pdf,oct,10,26,37757.0,13043.0,0.0
31_octubre_2025.pdf,oct,10,27,136600.0,123066.0,53975.0
31_octubre_2025.pdf,oct,10,28,143049.0,41950.0,15659.0
31_octubre_2025.pdf,oct,10,29,132777.0,110764.0,16146.0
31_octubre_2025.pdf,oct,10,30,127747.0,80565.0,33882.0
31_octubre_2025.pdf,oct,10,31,,,
31_octubre_2025.pdf,oct,10,15,4.33,4.0,4.45
31_octubre_2025.pdf,oct,10,16,4.34,4.0,4.45
31_octubre_2025.pdf,oct,10,17,4.38,4.0,4.45
31_octubre_2025.pdf,oct,10,18,4.81,4.1,4.45
31_octubre_2025.pdf,oct,10,19,3.95,,4.45
31_octubre_2025.pdf,oct,10,20,4.36,4.1,4.45
31_octubre_2025.pdf,oct,10,21,4.99,4.1,4.45
31_octubre_2025.pdf,oct,10,22,4.49,4.2,4.45
31_octubre_2025.pdf,oct,10,23,4.4,4.3,4.55
31_octubre_2025.pdf,oct,10,24,4.56,4.3,4.55
31_octubre_2025.pdf,oct,10,25,4.85,4.4,4.55
31_octubre_2025.pdf,oct,10,26,4.3,,4.55
31_octubre_2025.pdf,oct,10,27,4.67,4.4,4.55
31_octubre_2025.pdf,oct,10,28,4.78,4.6,4.55
31_octubre_2025.pdf,oct,10,29,4.8,4.6,4.55
31_octubre_2025.pdf,oct,10,30,4.77,4.6,4.55
